{
  "directed": true,
  "multigraph": false,
  "graph": {
    "session_id": "52743279",
    "original_query": "I am a middle school physics teacher preparing to teach the **law of conservation of momentum**, and I need you to autonomously generate a complete, classroom-ready visual presentation. Your task is to create a series of **clear, self-explanatory, and scientifically accurate animations** that demonstrate key momentum concepts, including:1. Elastic collision in 1D (e.g., two balls bouncing off each other)2. Inelastic collision in 1D (e.g., two objects sticking together)3. 2D collision with different masses and angles4. Newton’s Cradle5. Bouncing balls with changing mass6. Carts on a frictionless track with spring bumpersYou must organize these into a **visually appealing, full-screen HTML presentation** (single file or folder), with **linked assets**, embedded animations (canvas-based, SVG, or CSS/JS as needed), and simple labels or captions for each slide. The layout should be modern, fullscreen by default, easy to navigate (e.g., arrows or buttons), and designed with school projectors in mind (light background, large fonts, minimal clutter).Ensure everything works offline — **link all JS/CSS/image files properly**. Animations should run smoothly on average school computers. Avoid external CDN dependencies. Include a title slide and a summary/conclusion slide reinforcing the conservation principle. Make it **interactive where helpful** (e.g., sliders to vary mass or velocity). Use only browser-native technologies: HTML, CSS, JavaScript.Your output should be a clean, and ready to copy to a USB drive and run locally. No placeholders. No missing links. Everything must just work. Build with pride: this is going to be used to inspire 12-year-olds.",
    "file_manifest": [],
    "created_at": "2025-07-17T09:07:59.507950",
    "status": "running",
    "output_chain": {
      "T001": {
        "initial_thoughts": "This task requires creating three files: an HTML file (`elastic_collision.html`), a CSS file (`elastic_collision.css`), and a JavaScript file (`elastic_collision.js`). The JavaScript file will handle the animation of the elastic collision, the CSS file will style the animation, and the HTML file will structure the page and link the other two files. I will generate code that is visually clear, scientifically accurate, and optimized for performance. The solution will avoid external CDN dependencies and ensure that all linked assets work offline. The prompt includes a specification to put a placeholder in the HTML file for slide integration.",
        "output": {},
        "call_self": false,
        "files": {
          "elastic_collision.html": "<!DOCTYPE html>\n<html lang=\"en\">\n<head>\n    <meta charset=\"UTF-8\">\n    <meta name=\"viewport\" content=\"width=device-width, initial-scale=1.0\">\n    <title>Elastic Collision Animation</title>\n    <link rel=\"stylesheet\" href=\"elastic_collision.css\">\n</head>\n<body>\n    <div class=\"container\">\n        <h1>Elastic Collision in 1D</h1>\n        <canvas id=\"collisionCanvas\" width=\"800\" height=\"400\"></canvas>\n    </div>\n\n    <!-- SLIDE_PLACEHOLDER -->\n\n    <script src=\"elastic_collision.js\"></script>\n</body>\n</html>",
          "elastic_collision.css": "body {\n    font-family: Arial, sans-serif;\n    display: flex;\n    justify-content: center;\n    align-items: center;\n    min-height: 100vh;\n    background-color: #f0f0f0;\n    margin: 0;\n}\n\n.container {\n    text-align: center;\n}\n\ncanvas {\n    background-color: #fff;\n    border: 1px solid #000;\n}",
          "elastic_collision.js": "const canvas = document.getElementById('collisionCanvas');\nconst ctx = canvas.getContext('2d');\n\nlet ball1 = {\n    x: 150,\n    y: canvas.height / 2,\n    radius: 20,\n    mass: 1,\n    vx: 2,\n    color: 'blue'\n};\n\nlet ball2 = {\n    x: 650,\n    y: canvas.height / 2,\n    radius: 20,\n    mass: 1,\n    vx: -2,\n    color: 'red'\n};\n\nfunction drawBall(ball) {\n    ctx.beginPath();\n    ctx.arc(ball.x, ball.y, ball.radius, 0, Math.PI * 2);\n    ctx.fillStyle = ball.color;\n    ctx.fill();\n    ctx.closePath();\n}\n\nfunction elasticCollision(ball1, ball2) {\n    let vx1 = ball1.vx;\n    let vx2 = ball2.vx;\n\n    ball1.vx = ((ball1.mass - ball2.mass) / (ball1.mass + ball2.mass)) * vx1 + ((2 * ball2.mass) / (ball1.mass + ball2.mass)) * vx2;\n    ball2.vx = ((2 * ball1.mass) / (ball1.mass + ball2.mass)) * vx1 + ((ball2.mass - ball1.mass) / (ball1.mass + ball2.mass)) * vx2;\n}\n\nfunction update() {\n    ctx.clearRect(0, 0, canvas.width, canvas.height);\n\n    drawBall(ball1);\n    drawBall(ball2);\n\n    ball1.x += ball1.vx;\n    ball2.x += ball2.vx;\n\n    // Collision detection\n    if (Math.abs(ball1.x - ball2.x) < ball1.radius + ball2.radius) {\n        elasticCollision(ball1, ball2);\n    }\n\n    // Bounce off walls\n    if (ball1.x + ball1.radius > canvas.width || ball1.x - ball1.radius < 0) {\n        ball1.vx = -ball1.vx;\n    }\n    if (ball2.x + ball2.radius > canvas.width || ball2.x - ball2.radius < 0) {\n        ball2.vx = -ball2.vx;\n    }\n\n    requestAnimationFrame(update);\n}\n\nupdate();"
        },
        "cost": 0.000755775,
        "input_tokens": 2962.5,
        "output_tokens": 519.0,
        "total_tokens": 3481.5,
        "execution_result": {
          "status": "success",
          "session_id": "52743279",
          "operations": [
            "direct_files"
          ],
          "created_files": [
            "media\\generated\\52743279\\elastic_collision.html",
            "media\\generated\\52743279\\elastic_collision.css",
            "media\\generated\\52743279\\elastic_collision.js"
          ],
          "file_results": {
            "created_files": [
              "media\\generated\\52743279\\elastic_collision.html",
              "media\\generated\\52743279\\elastic_collision.css",
              "media\\generated\\52743279\\elastic_collision.js"
            ],
            "file_count": 3,
            "total_size": 2280,
            "status": "success",
            "errors": [],
            "execution_time": 0.008285400001113885
          },
          "code_results": {},
          "total_time": 0.00988340000003518,
          "error": null
        },
        "created_files": [
          "media\\generated\\52743279\\elastic_collision.html",
          "media\\generated\\52743279\\elastic_collision.css",
          "media\\generated\\52743279\\elastic_collision.js"
        ]
      },
      "T002": {
        "initial_thoughts": "Okay, I need to create an HTML presentation slide with a browser-native animation of an inelastic collision. I will generate three files: inelastic_collision.html, inelastic_collision.css, and inelastic_collision.js. The animation should be visually clear, scientifically accurate, optimized for performance, and work offline. No CDN dependencies. I'll use canvas for the animation.",
        "output": {},
        "call_self": false,
        "files": {
          "inelastic_collision.html": "<!DOCTYPE html>\n<html>\n<head>\n    <title>Inelastic Collision</title>\n    <link rel=\"stylesheet\" href=\"inelastic_collision.css\">\n</head>\n<body>\n    <div class=\"slide\">\n        <h2>Inelastic Collision in 1D</h2>\n        <canvas id=\"collisionCanvas\" width=\"600\" height=\"400\"></canvas>\n        <p>Two objects collide and stick together, conserving momentum.</p>\n    </div>\n    <script src=\"inelastic_collision.js\"></script>\n</body>\n</html>",
          "inelastic_collision.css": ".slide {\n    width: 600px;\n    height: 400px;\n    margin: 20px auto;\n    border: 1px solid #ccc;\n    text-align: center;\n}\n\n#collisionCanvas {\n    background-color: #eee;\n    display: block;\n    margin: 10px auto;\n}",
          "inelastic_collision.js": "const canvas = document.getElementById('collisionCanvas');\nconst ctx = canvas.getContext('2d');\n\nconst object1 = {\n    x: 50,\n    y: canvas.height / 2,\n    width: 50,\n    height: 50,\n    mass: 2,\n    velocityX: 2\n};\n\nconst object2 = {\n    x: canvas.width - 100,\n    y: canvas.height / 2,\n    width: 50,\n    height: 50,\n    mass: 1,\n    velocityX: -1\n};\n\nfunction drawObject(obj, color) {\n    ctx.fillStyle = color;\n    ctx.fillRect(obj.x, obj.y - obj.height / 2, obj.width, obj.height);\n}\n\nfunction update() {\n    ctx.clearRect(0, 0, canvas.width, canvas.height);\n\n    drawObject(object1, 'blue');\n    drawObject(object2, 'red');\n\n    object1.x += object1.velocityX;\n    object2.x += object2.velocityX;\n\n    // Collision detection\n    if (object1.x + object1.width > object2.x &&\n        object1.x < object2.x + object2.width &&\n        object1.y + object1.height > object2.y &&\n        object1.y < object2.y + object2.height) {\n\n        // Inelastic collision: objects stick together\n        const totalMomentum = object1.mass * object1.velocityX + object2.mass * object2.velocityX;\n        const totalMass = object1.mass + object2.mass;\n        const finalVelocity = totalMomentum / totalMass;\n\n        object1.velocityX = finalVelocity;\n        object2.velocityX = finalVelocity;\n\n        // Make the objects visually stick together\n        object2.x = object1.x + object1.width;\n    }\n\n    requestAnimationFrame(update);\n}\n\nupdate();"
        },
        "cost": 0.000681525,
        "input_tokens": 2959.5,
        "output_tokens": 396.0,
        "total_tokens": 3355.5,
        "execution_result": {
          "status": "success",
          "session_id": "52743279",
          "operations": [
            "direct_files"
          ],
          "created_files": [
            "media\\generated\\52743279\\inelastic_collision.html",
            "media\\generated\\52743279\\inelastic_collision.css",
            "media\\generated\\52743279\\inelastic_collision.js"
          ],
          "file_results": {
            "created_files": [
              "media\\generated\\52743279\\inelastic_collision.html",
              "media\\generated\\52743279\\inelastic_collision.css",
              "media\\generated\\52743279\\inelastic_collision.js"
            ],
            "file_count": 3,
            "total_size": 2087,
            "status": "success",
            "errors": [],
            "execution_time": 0.005087100000309874
          },
          "code_results": {},
          "total_time": 0.006902999999510939,
          "error": null
        },
        "created_files": [
          "media\\generated\\52743279\\inelastic_collision.html",
          "media\\generated\\52743279\\inelastic_collision.css",
          "media\\generated\\52743279\\inelastic_collision.js"
        ]
      },
      "T003": {
        "initial_thoughts": "I need to create HTML, CSS, and JavaScript files for a 2D collision animation. This is a direct file creation task. I will ensure the code is visually clear, scientifically accurate, and optimized for performance. There should be no external CDN dependencies, and all assets should work offline. I will add a placeholder in the HTML file for the slide in the full-screen presentation.",
        "output": {},
        "call_self": false,
        "files": {
          "two_d_collision.html": "<!DOCTYPE html>\n<html lang=\"en\">\n<head>\n    <meta charset=\"UTF-8\">\n    <meta name=\"viewport\" content=\"width=device-width, initial-scale=1.0\">\n    <title>2D Collision</title>\n    <link rel=\"stylesheet\" href=\"two_d_collision.css\">\n</head>\n<body>\n    <canvas id=\"collisionCanvas\" width=\"800\" height=\"600\"></canvas>\n    <!-- SLIDE_PLACEHOLDER -->\n    <script src=\"two_d_collision.js\"></script>\n</body>\n</html>",
          "two_d_collision.css": "body {\n    margin: 0;\n    overflow: hidden;\n    background-color: #f0f0f0;\n}\n\ncanvas {\n    display: block;\n    background-color: #ffffff;\n    border: 1px solid #ccc;\n}",
          "two_d_collision.js": "// JavaScript code for 2D collision animation\nconst canvas = document.getElementById('collisionCanvas');\nconst ctx = canvas.getContext('2d');\n\n// Define objects with properties like mass, velocity, and position\nconst object1 = {\n    x: 100,   // Initial x position\n    y: 200,   // Initial y position\n    radius: 20,\n    mass: 1,   // Mass of the object\n    vx: 2,     // x velocity\n    vy: 0,     // y velocity\n    color: 'blue'\n};\n\nconst object2 = {\n    x: 600,   // Initial x position\n    y: 200,   // Initial y position\n    radius: 30,\n    mass: 2,   // Mass of the object\n    vx: -1,    // x velocity\n    vy: 0,     // y velocity\n    color: 'red'\n};\n\nfunction drawObject(object) {\n    ctx.beginPath();\n    ctx.arc(object.x, object.y, object.radius, 0, Math.PI * 2);\n    ctx.fillStyle = object.color;\n    ctx.fill();\n    ctx.closePath();\n}\n\nfunction collisionDetection(obj1, obj2) {\n    const dx = obj2.x - obj1.x;\n    const dy = obj2.y - obj1.y;\n    const distance = Math.sqrt(dx * dx + dy * dy);\n\n    if (distance < obj1.radius + obj2.radius) {\n        // Collision detected! Implement 2D elastic collision physics here\n        resolveCollision(obj1, obj2);\n    }\n}\n\nfunction resolveCollision(particle, otherParticle) {\n    const xVelocityDiff = particle.vx - otherParticle.vx;\n    const yVelocityDiff = particle.vy - otherParticle.vy;\n\n    const xDist = otherParticle.x - particle.x;\n    const yDist = otherParticle.y - particle.y;\n\n    // Prevent accidental overlap of particles after collision\n    if (xVelocityDiff * xDist + yVelocityDiff * yDist >= 0) {\n\n        // Grab angle between the two colliding particles\n        const angle = -Math.atan2(otherParticle.y - particle.y, otherParticle.x - particle.x);\n\n        // Store mass in var for better readability in collision equation\n        const m1 = particle.mass;\n        const m2 = otherParticle.mass;\n\n        // Velocity before equation\n        const u1 = rotate(particle.vx, particle.vy, angle);\n        const u2 = rotate(otherParticle.vx, otherParticle.vy, angle);\n\n        // Velocity after 1d collision equation\n        const v1 = {\n            x: u1.x * (m1 - m2) / (m1 + m2) + u2.x * 2 * m2 / (m1 + m2),\n            y: u1.y\n        };\n        const v2 = {\n            x: u2.x * (m2 - m1) / (m1 + m2) + u1.x * 2 * m1 / (m1 + m2),\n            y: u2.y\n        };\n\n        // Final velocity after rotating axis back to original location\n        const vFinal1 = rotate(v1.x, v1.y, -angle);\n        const vFinal2 = rotate(v2.x, v2.y, -angle);\n\n        // Swap particle velocities for realistic bounce effect\n        particle.vx = vFinal1.x;\n        particle.vy = vFinal1.y;\n\n        otherParticle.vx = vFinal2.x;\n        otherParticle.vy = vFinal2.y;\n    }\n}\n\n/**\n * Rotates coordinate system for velocities\n *\n * Takes velocities and alters them as if the coordinate system they're on was rotated\n *\n * @param velocityX\n * @param velocityY\n * @param angle\n * @returns {{x: number, y: number}}\n */\nfunction rotate(velocityX, velocityY, angle) {\n    const rotatedVelocities = {\n        x: velocityX * Math.cos(angle) - velocityY * Math.sin(angle),\n        y: velocityX * Math.sin(angle) + velocityY * Math.cos(angle)\n    };\n\n    return rotatedVelocities;\n}\n\n\nfunction update() {\n    ctx.clearRect(0, 0, canvas.width, canvas.height);\n\n    // Update object positions\n    object1.x += object1.vx;\n    object1.y += object1.vy;\n    object2.x += object2.vx;\n    object2.y += object2.vy;\n\n    // Bounce off the walls\n    if (object1.x + object1.radius > canvas.width || object1.x - object1.radius < 0) {\n        object1.vx = -object1.vx;\n    }\n    if (object1.y + object1.radius > canvas.height || object1.y - object1.radius < 0) {\n        object1.vy = -object1.vy;\n    }\n    if (object2.x + object2.radius > canvas.width || object2.x - object2.radius < 0) {\n        object2.vx = -object2.vx;\n    }\n    if (object2.y + object2.radius > canvas.height || object2.y - object2.radius < 0) {\n        object2.vy = -object2.vy;\n    }\n\n    collisionDetection(object1, object2);\n    drawObject(object1);\n    drawObject(object2);\n\n    requestAnimationFrame(update);\n}\n\nupdate();"
        },
        "cost": 0.00101745,
        "input_tokens": 2949.0,
        "output_tokens": 958.5,
        "total_tokens": 3907.5,
        "execution_result": {
          "status": "success",
          "session_id": "52743279",
          "operations": [
            "direct_files"
          ],
          "created_files": [
            "media\\generated\\52743279\\two_d_collision.html",
            "media\\generated\\52743279\\two_d_collision.css",
            "media\\generated\\52743279\\two_d_collision.js"
          ],
          "file_results": {
            "created_files": [
              "media\\generated\\52743279\\two_d_collision.html",
              "media\\generated\\52743279\\two_d_collision.css",
              "media\\generated\\52743279\\two_d_collision.js"
            ],
            "file_count": 3,
            "total_size": 4699,
            "status": "success",
            "errors": [],
            "execution_time": 0.004262899999957881
          },
          "code_results": {},
          "total_time": 0.006114800000432297,
          "error": null
        },
        "created_files": [
          "media\\generated\\52743279\\two_d_collision.html",
          "media\\generated\\52743279\\two_d_collision.css",
          "media\\generated\\52743279\\two_d_collision.js"
        ]
      },
      "T004": {
        "initial_thoughts": "Okay, I need to create three files: `newtons_cradle.html`, `newtons_cradle.css`, and `newtons_cradle.js`. The JavaScript file will contain the animation logic, the CSS will handle the styling, and the HTML will structure the page and include placeholders to integrate the slide into the full screen presentation. I will use canvas for the animation to optimize performance and avoid external dependencies. I will prioritize scientific accuracy and visual clarity.",
        "output": {},
        "call_self": false,
        "files": {
          "newtons_cradle.html": "<!DOCTYPE html>\n<html>\n<head>\n    <title>Newton's Cradle</title>\n    <link rel=\"stylesheet\" href=\"newtons_cradle.css\">\n</head>\n<body>\n    <div class=\"container\">\n        <h1>Newton's Cradle</h1>\n        <canvas id=\"newtonsCradleCanvas\" width=\"600\" height=\"400\"></canvas>\n    </div>\n    <!-- SLIDE_PLACEHOLDER -->\n    <script src=\"newtons_cradle.js\"></script>\n</body>\n</html>",
          "newtons_cradle.css": "body {\n    font-family: Arial, sans-serif;\n    display: flex;\n    justify-content: center;\n    align-items: center;\n    min-height: 100vh;\n    background-color: #f0f0f0;\n    margin: 0;\n}\n\n.container {\n    text-align: center;\n}\n\ncanvas {\n    background-color: #fff;\n    border: 1px solid #ccc;\n}",
          "newtons_cradle.js": "// newtons_cradle.js\n\nconst canvas = document.getElementById('newtonsCradleCanvas');\nconst ctx = canvas.getContext('2d');\n\nconst numBalls = 5;\nconst ballRadius = 20;\nconst stringLength = 150;\nconst initialAngle = Math.PI / 6;\nconst gravity = 0.5;\nconst damping = 0.99;\n\nlet balls = [];\n\nfunction init() {\n    balls = [];\n    for (let i = 0; i < numBalls; i++) {\n        balls.push({\n            x: canvas.width / 2 + (i - (numBalls - 1) / 2) * (2 * ballRadius + 10),\n            y: canvas.height / 2 - stringLength,\n            angle: 0,\n            velocity: 0\n        });\n    }\n    balls[0].angle = initialAngle; // Start with the first ball raised\n}\n\nfunction drawLine(x1, y1, x2, y2) {\n    ctx.beginPath();\n    ctx.moveTo(x1, y1);\n    ctx.lineTo(x2, y2);\n    ctx.strokeStyle = '#000';\n    ctx.lineWidth = 2;\n    ctx.stroke();\n}\n\nfunction drawBall(x, y) {\n    ctx.beginPath();\n    ctx.arc(x, y, ballRadius, 0, Math.PI * 2);\n    ctx.fillStyle = '#3498db';\n    ctx.fill();\n    ctx.strokeStyle = '#2980b9';\n    ctx.lineWidth = 1;\n    ctx.stroke();\n}\n\nfunction update() {\n    for (let i = 0; i < numBalls; i++) {\n        const ball = balls[i];\n        const angleAcceleration = -gravity / stringLength * Math.sin(ball.angle);\n        ball.velocity += angleAcceleration;\n        ball.velocity *= damping;\n        ball.angle += ball.velocity;\n\n        ball.x = canvas.width / 2 + (i - (numBalls - 1) / 2) * (2 * ballRadius + 10) + stringLength * Math.sin(ball.angle);\n        ball.y = canvas.height / 2 - stringLength * Math.cos(ball.angle);\n    }\n\n    // Collision detection (crude)\n    for (let i = 0; i < numBalls - 1; i++) {\n        const ball1 = balls[i];\n        const ball2 = balls[i + 1];\n        const distance = Math.abs(ball1.x - ball2.x);\n\n        if (distance < 2 * ballRadius && ball1.velocity > 0) {\n          let tempVelocity = ball1.velocity;\n            ball1.velocity = ball2.velocity;\n            ball2.velocity = tempVelocity;\n        }\n    }\n\n    ctx.clearRect(0, 0, canvas.width, canvas.height);\n    for (let i = 0; i < numBalls; i++) {\n        const ball = balls[i];\n        const anchorX = canvas.width / 2 + (i - (numBalls - 1) / 2) * (2 * ballRadius + 10);\n        const anchorY = canvas.height / 2 - stringLength;        \n        drawLine(ball.x, ball.y, anchorX, anchorY);\n        drawBall(ball.x, ball.y);\n    }\n\n    requestAnimationFrame(update);\n}\n\ninit();\nupdate();"
        },
        "cost": 0.0008289,
        "input_tokens": 2940.0,
        "output_tokens": 646.5,
        "total_tokens": 3586.5,
        "execution_result": {
          "status": "success",
          "session_id": "52743279",
          "operations": [
            "direct_files"
          ],
          "created_files": [
            "media\\generated\\52743279\\newtons_cradle.html",
            "media\\generated\\52743279\\newtons_cradle.css",
            "media\\generated\\52743279\\newtons_cradle.js"
          ],
          "file_results": {
            "created_files": [
              "media\\generated\\52743279\\newtons_cradle.html",
              "media\\generated\\52743279\\newtons_cradle.css",
              "media\\generated\\52743279\\newtons_cradle.js"
            ],
            "file_count": 3,
            "total_size": 3063,
            "status": "success",
            "errors": [],
            "execution_time": 0.00521399999888672
          },
          "code_results": {},
          "total_time": 0.007048899999062996,
          "error": null
        },
        "created_files": [
          "media\\generated\\52743279\\newtons_cradle.html",
          "media\\generated\\52743279\\newtons_cradle.css",
          "media\\generated\\52743279\\newtons_cradle.js"
        ]
      },
      "T005": {
        "initial_thoughts": "Okay, I need to create the bouncing balls animation using HTML, CSS, and JavaScript. Since this involves creating new files, I'll use direct file creation. I will ensure that there are no external dependencies and that all the assets work offline. I will also remember to include a placeholder in the HTML file for the slide in the fullscreen presentation and use only browser-native technologies.",
        "output": {},
        "call_self": false,
        "files": {
          "bouncing_balls.html": "<!DOCTYPE html>\n<html>\n<head>\n    <title>Bouncing Balls</title>\n    <link rel=\"stylesheet\" href=\"bouncing_balls.css\">\n</head>\n<body>\n    <canvas id=\"bouncingBallsCanvas\"></canvas>\n    <!-- SLIDE_PLACEHOLDER -->\n    <script src=\"bouncing_balls.js\"></script>\n</body>\n</html>",
          "bouncing_balls.css": "body {\n    margin: 0;\n    overflow: hidden;\n    background-color: #f0f0f0;\n}\n\ncanvas {\n    display: block;\n}",
          "bouncing_balls.js": "// JavaScript for Bouncing Balls Animation\nconst canvas = document.getElementById('bouncingBallsCanvas');\nconst ctx = canvas.getContext('2d');\n\ncanvas.width = window.innerWidth;\ncanvas.height = window.innerHeight;\n\nconst balls = [];\nconst numberOfBalls = 10;\n\nclass Ball {\n    constructor(x, y, radius, mass) {\n        this.x = x;\n        this.y = y;\n        this.radius = radius;\n        this.mass = mass;\n        this.velocity_x = (Math.random() - 0.5) * 10;\n        this.velocity_y = (Math.random() - 0.5) * 10;\n        this.color = '#' + Math.floor(Math.random()*16777215).toString(16);\n    }\n\n    draw() {\n        ctx.beginPath();\n        ctx.arc(this.x, this.y, this.radius, 0, Math.PI * 2);\n        ctx.fillStyle = this.color;\n        ctx.fill();\n        ctx.closePath();\n    }\n\n    update() {\n        this.x += this.velocity_x;\n        this.y += this.velocity_y;\n\n        // Bounce off the walls\n        if (this.x + this.radius > canvas.width || this.x - this.radius < 0) {\n            this.velocity_x = -this.velocity_x;\n        }\n        if (this.y + this.radius > canvas.height || this.y - this.radius < 0) {\n            this.velocity_y = -this.velocity_y;\n        }\n\n        this.draw();\n    }\n}\n\n// Initialize balls\nfor (let i = 0; i < numberOfBalls; i++) {\n    const radius = Math.random() * 20 + 10;\n    const mass = radius / 10; // mass proportional to radius for visual effect\n    const x = Math.random() * (canvas.width - radius * 2) + radius;\n    const y = Math.random() * (canvas.height - radius * 2) + radius;\n    balls.push(new Ball(x, y, radius, mass));\n}\n\nfunction animate() {\n    requestAnimationFrame(animate);\n    ctx.clearRect(0, 0, canvas.width, canvas.height);\n\n    for (let i = 0; i < balls.length; i++) {\n        balls[i].update();\n    }\n}\n\nanimate();\n\nwindow.addEventListener('resize', function() {\n    canvas.width = window.innerWidth;\n    canvas.height = window.innerHeight;\n});"
        },
        "cost": 0.0007296749999999999,
        "input_tokens": 2944.5,
        "output_tokens": 480.0,
        "total_tokens": 3424.5,
        "execution_result": {
          "status": "success",
          "session_id": "52743279",
          "operations": [
            "direct_files"
          ],
          "created_files": [
            "media\\generated\\52743279\\bouncing_balls.html",
            "media\\generated\\52743279\\bouncing_balls.css",
            "media\\generated\\52743279\\bouncing_balls.js"
          ],
          "file_results": {
            "created_files": [
              "media\\generated\\52743279\\bouncing_balls.html",
              "media\\generated\\52743279\\bouncing_balls.css",
              "media\\generated\\52743279\\bouncing_balls.js"
            ],
            "file_count": 3,
            "total_size": 2294,
            "status": "success",
            "errors": [],
            "execution_time": 0.007862300000851974
          },
          "code_results": {},
          "total_time": 0.009821499999816297,
          "error": null
        },
        "created_files": [
          "media\\generated\\52743279\\bouncing_balls.html",
          "media\\generated\\52743279\\bouncing_balls.css",
          "media\\generated\\52743279\\bouncing_balls.js"
        ]
      },
      "T006": {
        "initial_thoughts": "This task requires creating three files: `carts_track.html`, `carts_track.css`, and `carts_track.js`. The animation should demonstrate carts on a frictionless track with spring bumpers, be visually clear, scientifically accurate, and optimized for performance. It must use browser-native technologies and work offline, without external CDN dependencies. I will generate these files directly.",
        "output": {},
        "call_self": false,
        "files": {
          "carts_track.html": "<!DOCTYPE html>\n<html lang=\"en\">\n<head>\n    <meta charset=\"UTF-8\">\n    <meta name=\"viewport\" content=\"width=device-width, initial-scale=1.0\">\n    <title>Carts on Track</title>\n    <link rel=\"stylesheet\" href=\"carts_track.css\">\n</head>\n<body>\n    <div class=\"container\">\n        <h1>Carts on a Frictionless Track</h1>\n        <canvas id=\"trackCanvas\" width=\"800\" height=\"400\"></canvas>\n        <p>Adjust the initial velocities of the carts:</p>\n        <div class=\"controls\">\n            <label for=\"cart1Velocity\">Cart 1 Velocity:</label>\n            <input type=\"range\" id=\"cart1Velocity\" min=\"-5\" max=\"5\" value=\"2\" step=\"0.1\">\n            <span id=\"cart1VelocityValue\">2</span>\n            <br>\n            <label for=\"cart2Velocity\">Cart 2 Velocity:</label>\n            <input type=\"range\" id=\"cart2Velocity\" min=\"-5\" max=\"5\" value=\"-2\" step=\"0.1\">\n            <span id=\"cart2VelocityValue\">-2</span>\n        </div>\n        <p>Law of Conservation of Momentum demonstration.</p>\n        <!-- SLIDE_PRESENTATION_PLACEHOLDER -->\n    </div>\n    <script src=\"carts_track.js\"></script>\n</body>\n</html>",
          "carts_track.css": "body {\n    font-family: Arial, sans-serif;\n    background-color: #f0f0f0;\n    display: flex;\n    justify-content: center;\n    align-items: center;\n    height: 100vh;\n    margin: 0;\n}\n\n.container {\n    background-color: #fff;\n    padding: 20px;\n    border-radius: 8px;\n    box-shadow: 0 0 10px rgba(0, 0, 0, 0.1);\n    text-align: center;\n}\n\ncanvas {\n    border: 1px solid #000;\n    background-color: #eee;\n}\n\n.controls {\n    margin-top: 10px;\n}\n\ninput[type=range] {\n    width: 200px;\n}\n",
          "carts_track.js": "// carts_track.js\n\nconst canvas = document.getElementById('trackCanvas');\nconst ctx = canvas.getContext('2d');\n\nconst cart1VelocityInput = document.getElementById('cart1Velocity');\nconst cart2VelocityInput = document.getElementById('cart2Velocity');\nconst cart1VelocityValue = document.getElementById('cart1VelocityValue');\nconst cart2VelocityValue = document.getElementById('cart2VelocityValue');\n\nlet cart1 = { x: 100, y: 200, width: 50, height: 30, mass: 1, velocity: 2 };\nlet cart2 = { x: 600, y: 200, width: 50, height: 30, mass: 1, velocity: -2 };\n\nconst springConstant = 0.1; // Adjust for spring stiffness\nconst dampingFactor = 0.98; // Adjust for energy loss per collision\n\nfunction drawCart(cart) {\n    ctx.fillStyle = 'red';\n    ctx.fillRect(cart.x, cart.y, cart.width, cart.height);\n}\n\nfunction update() {\n    cart1.velocity = parseFloat(cart1VelocityInput.value);\n    cart2.velocity = parseFloat(cart2VelocityInput.value);\n    cart1VelocityValue.textContent = cart1.velocity;\n    cart2VelocityValue.textContent = cart2.velocity;\n\n    cart1.x += cart1.velocity;\n    cart2.x += cart2.velocity;\n\n    // Collision detection and response\n    if (cart1.x + cart1.width > cart2.x && cart1.x < cart2.x + cart2.width) {\n        // Spring force calculation\n        let overlap = Math.min(cart1.x + cart1.width - cart2.x, cart2.x + cart2.width - cart1.x);\n        let springForce = springConstant * overlap;\n\n        // Determine direction of forces\n        let forceDirection = (cart1.x < cart2.x) ? 1 : -1;\n\n        // Update velocities based on spring force\n        let impulse1 = springForce * forceDirection;\n        let impulse2 = -springForce * forceDirection;\n\n        cart1.velocity += impulse1 / cart1.mass;\n        cart2.velocity += impulse2 / cart2.mass;\n\n         // Apply damping to reduce energy loss\n        cart1.velocity *= dampingFactor;\n        cart2.velocity *= dampingFactor;\n    }\n\n\n    // Boundary collision detection\n    if (cart1.x < 0) {\n        cart1.x = 0;\n        cart1.velocity = -cart1.velocity * dampingFactor;\n    } else if (cart1.x + cart1.width > canvas.width/2) {\n        cart1.x = canvas.width/2 - cart1.width;\n        cart1.velocity = -cart1.velocity * dampingFactor;\n    }\n    if (cart2.x + cart2.width > canvas.width) {\n        cart2.x = canvas.width - cart2.width;\n        cart2.velocity = -cart2.velocity * dampingFactor;\n    } else if (cart2.x < canvas.width/2) {\n        cart2.x = canvas.width/2;\n        cart2.velocity = -cart2.velocity * dampingFactor;\n    }\n\n    ctx.clearRect(0, 0, canvas.width, canvas.height);\n    drawCart(cart1);\n    drawCart(cart2);\n\n    requestAnimationFrame(update);\n}\n\nupdate();\n"
        },
        "cost": 0.0008572499999999999,
        "input_tokens": 2949.0,
        "output_tokens": 691.5,
        "total_tokens": 3640.5,
        "execution_result": {
          "status": "success",
          "session_id": "52743279",
          "operations": [
            "direct_files"
          ],
          "created_files": [
            "media\\generated\\52743279\\carts_track.html",
            "media\\generated\\52743279\\carts_track.css",
            "media\\generated\\52743279\\carts_track.js"
          ],
          "file_results": {
            "created_files": [
              "media\\generated\\52743279\\carts_track.html",
              "media\\generated\\52743279\\carts_track.css",
              "media\\generated\\52743279\\carts_track.js"
            ],
            "file_count": 3,
            "total_size": 4237,
            "status": "success",
            "errors": [],
            "execution_time": 0.00473960000090301
          },
          "code_results": {},
          "total_time": 0.006557200000315788,
          "error": null
        },
        "created_files": [
          "media\\generated\\52743279\\carts_track.html",
          "media\\generated\\52743279\\carts_track.css",
          "media\\generated\\52743279\\carts_track.js"
        ]
      }
    },
    "validation_results": {
      "is_valid": true,
      "is_dag": true,
      "cycles": [],
      "disconnected_components": [],
      "orphaned_nodes": [],
      "root_nodes": [],
      "leaf_nodes": [
        "T009"
      ],
      "warnings": [],
      "errors": []
    }
  },
  "nodes": [
    {
      "description": "Initial Query",
      "agent": "System",
      "status": "completed",
      "id": "ROOT"
    },
    {
      "id": "T001",
      "description": "Generate an animation of an elastic collision in 1D (e.g., two balls bouncing off each other) using HTML, CSS, and JavaScript. Ensure it's visually clear, scientifically accurate, and runs smoothly on average school computers. The output must be saved as `elastic_collision.js`, `elastic_collision.css` and `elastic_collision.html`. Add necessary placeholders to be updated later.",
      "agent": "CoderAgent",
      "agent_prompt": "Create a browser-native animation (HTML, CSS, JavaScript) demonstrating an elastic collision in one dimension. Two balls should collide and bounce off each other, conserving momentum. The animation should be visually clear, scientifically accurate, and optimized for performance on average school computers. Ensure there are no external CDN dependencies and that all linked assets work offline. Save the animation as `elastic_collision.js`, `elastic_collision.css` and `elastic_collision.html`. In the html file, add a placeholder for the slide in the full screen presentation.",
      "reads": [],
      "writes": [
        "T001"
      ],
      "status": "completed",
      "output": {
        "initial_thoughts": "This task requires creating three files: an HTML file (`elastic_collision.html`), a CSS file (`elastic_collision.css`), and a JavaScript file (`elastic_collision.js`). The JavaScript file will handle the animation of the elastic collision, the CSS file will style the animation, and the HTML file will structure the page and link the other two files. I will generate code that is visually clear, scientifically accurate, and optimized for performance. The solution will avoid external CDN dependencies and ensure that all linked assets work offline. The prompt includes a specification to put a placeholder in the HTML file for slide integration.",
        "output": {},
        "call_self": false,
        "files": {
          "elastic_collision.html": "<!DOCTYPE html>\n<html lang=\"en\">\n<head>\n    <meta charset=\"UTF-8\">\n    <meta name=\"viewport\" content=\"width=device-width, initial-scale=1.0\">\n    <title>Elastic Collision Animation</title>\n    <link rel=\"stylesheet\" href=\"elastic_collision.css\">\n</head>\n<body>\n    <div class=\"container\">\n        <h1>Elastic Collision in 1D</h1>\n        <canvas id=\"collisionCanvas\" width=\"800\" height=\"400\"></canvas>\n    </div>\n\n    <!-- SLIDE_PLACEHOLDER -->\n\n    <script src=\"elastic_collision.js\"></script>\n</body>\n</html>",
          "elastic_collision.css": "body {\n    font-family: Arial, sans-serif;\n    display: flex;\n    justify-content: center;\n    align-items: center;\n    min-height: 100vh;\n    background-color: #f0f0f0;\n    margin: 0;\n}\n\n.container {\n    text-align: center;\n}\n\ncanvas {\n    background-color: #fff;\n    border: 1px solid #000;\n}",
          "elastic_collision.js": "const canvas = document.getElementById('collisionCanvas');\nconst ctx = canvas.getContext('2d');\n\nlet ball1 = {\n    x: 150,\n    y: canvas.height / 2,\n    radius: 20,\n    mass: 1,\n    vx: 2,\n    color: 'blue'\n};\n\nlet ball2 = {\n    x: 650,\n    y: canvas.height / 2,\n    radius: 20,\n    mass: 1,\n    vx: -2,\n    color: 'red'\n};\n\nfunction drawBall(ball) {\n    ctx.beginPath();\n    ctx.arc(ball.x, ball.y, ball.radius, 0, Math.PI * 2);\n    ctx.fillStyle = ball.color;\n    ctx.fill();\n    ctx.closePath();\n}\n\nfunction elasticCollision(ball1, ball2) {\n    let vx1 = ball1.vx;\n    let vx2 = ball2.vx;\n\n    ball1.vx = ((ball1.mass - ball2.mass) / (ball1.mass + ball2.mass)) * vx1 + ((2 * ball2.mass) / (ball1.mass + ball2.mass)) * vx2;\n    ball2.vx = ((2 * ball1.mass) / (ball1.mass + ball2.mass)) * vx1 + ((ball2.mass - ball1.mass) / (ball1.mass + ball2.mass)) * vx2;\n}\n\nfunction update() {\n    ctx.clearRect(0, 0, canvas.width, canvas.height);\n\n    drawBall(ball1);\n    drawBall(ball2);\n\n    ball1.x += ball1.vx;\n    ball2.x += ball2.vx;\n\n    // Collision detection\n    if (Math.abs(ball1.x - ball2.x) < ball1.radius + ball2.radius) {\n        elasticCollision(ball1, ball2);\n    }\n\n    // Bounce off walls\n    if (ball1.x + ball1.radius > canvas.width || ball1.x - ball1.radius < 0) {\n        ball1.vx = -ball1.vx;\n    }\n    if (ball2.x + ball2.radius > canvas.width || ball2.x - ball2.radius < 0) {\n        ball2.vx = -ball2.vx;\n    }\n\n    requestAnimationFrame(update);\n}\n\nupdate();"
        },
        "cost": 0.000755775,
        "input_tokens": 2962.5,
        "output_tokens": 519.0,
        "total_tokens": 3481.5,
        "execution_result": {
          "status": "success",
          "session_id": "52743279",
          "operations": [
            "direct_files"
          ],
          "created_files": [
            "media\\generated\\52743279\\elastic_collision.html",
            "media\\generated\\52743279\\elastic_collision.css",
            "media\\generated\\52743279\\elastic_collision.js"
          ],
          "file_results": {
            "created_files": [
              "media\\generated\\52743279\\elastic_collision.html",
              "media\\generated\\52743279\\elastic_collision.css",
              "media\\generated\\52743279\\elastic_collision.js"
            ],
            "file_count": 3,
            "total_size": 2280,
            "status": "success",
            "errors": [],
            "execution_time": 0.008285400001113885
          },
          "code_results": {},
          "total_time": 0.00988340000003518,
          "error": null
        },
        "created_files": [
          "media\\generated\\52743279\\elastic_collision.html",
          "media\\generated\\52743279\\elastic_collision.css",
          "media\\generated\\52743279\\elastic_collision.js"
        ]
      },
      "error": null,
      "cost": 0.0,
      "start_time": "2025-07-17T09:07:59.528949",
      "end_time": "2025-07-17T09:08:15.098361",
      "execution_time": 15.569412,
      "execution_result": {
        "status": "success",
        "session_id": "52743279",
        "operations": [
          "direct_files"
        ],
        "created_files": [
          "media\\generated\\52743279\\elastic_collision.html",
          "media\\generated\\52743279\\elastic_collision.css",
          "media\\generated\\52743279\\elastic_collision.js"
        ],
        "file_results": {
          "created_files": [
            "media\\generated\\52743279\\elastic_collision.html",
            "media\\generated\\52743279\\elastic_collision.css",
            "media\\generated\\52743279\\elastic_collision.js"
          ],
          "file_count": 3,
          "total_size": 2280,
          "status": "success",
          "errors": [],
          "execution_time": 0.008285400001113885
        },
        "code_results": {},
        "total_time": 0.00988340000003518,
        "error": null
      },
      "input_tokens": 0,
      "output_tokens": 0
    },
    {
      "id": "T002",
      "description": "Generate an animation of an inelastic collision in 1D (e.g., two objects sticking together) using HTML, CSS, and JavaScript. Ensure it's visually clear, scientifically accurate, and runs smoothly on average school computers. The output must be saved as `inelastic_collision.js`, `inelastic_collision.css` and `inelastic_collision.html`. Add necessary placeholders to be updated later.",
      "agent": "CoderAgent",
      "agent_prompt": "Create a browser-native animation (HTML, CSS, JavaScript) demonstrating an inelastic collision in one dimension. Two objects should collide and stick together, conserving momentum. The animation should be visually clear, scientifically accurate, and optimized for performance on average school computers. Ensure there are no external CDN dependencies and that all linked assets work offline. Save the animation as `inelastic_collision.js`, `inelastic_collision.css` and `inelastic_collision.html`. In the html file, add a placeholder for the slide in the full screen presentation.",
      "reads": [],
      "writes": [
        "T002"
      ],
      "status": "completed",
      "output": {
        "initial_thoughts": "Okay, I need to create an HTML presentation slide with a browser-native animation of an inelastic collision. I will generate three files: inelastic_collision.html, inelastic_collision.css, and inelastic_collision.js. The animation should be visually clear, scientifically accurate, optimized for performance, and work offline. No CDN dependencies. I'll use canvas for the animation.",
        "output": {},
        "call_self": false,
        "files": {
          "inelastic_collision.html": "<!DOCTYPE html>\n<html>\n<head>\n    <title>Inelastic Collision</title>\n    <link rel=\"stylesheet\" href=\"inelastic_collision.css\">\n</head>\n<body>\n    <div class=\"slide\">\n        <h2>Inelastic Collision in 1D</h2>\n        <canvas id=\"collisionCanvas\" width=\"600\" height=\"400\"></canvas>\n        <p>Two objects collide and stick together, conserving momentum.</p>\n    </div>\n    <script src=\"inelastic_collision.js\"></script>\n</body>\n</html>",
          "inelastic_collision.css": ".slide {\n    width: 600px;\n    height: 400px;\n    margin: 20px auto;\n    border: 1px solid #ccc;\n    text-align: center;\n}\n\n#collisionCanvas {\n    background-color: #eee;\n    display: block;\n    margin: 10px auto;\n}",
          "inelastic_collision.js": "const canvas = document.getElementById('collisionCanvas');\nconst ctx = canvas.getContext('2d');\n\nconst object1 = {\n    x: 50,\n    y: canvas.height / 2,\n    width: 50,\n    height: 50,\n    mass: 2,\n    velocityX: 2\n};\n\nconst object2 = {\n    x: canvas.width - 100,\n    y: canvas.height / 2,\n    width: 50,\n    height: 50,\n    mass: 1,\n    velocityX: -1\n};\n\nfunction drawObject(obj, color) {\n    ctx.fillStyle = color;\n    ctx.fillRect(obj.x, obj.y - obj.height / 2, obj.width, obj.height);\n}\n\nfunction update() {\n    ctx.clearRect(0, 0, canvas.width, canvas.height);\n\n    drawObject(object1, 'blue');\n    drawObject(object2, 'red');\n\n    object1.x += object1.velocityX;\n    object2.x += object2.velocityX;\n\n    // Collision detection\n    if (object1.x + object1.width > object2.x &&\n        object1.x < object2.x + object2.width &&\n        object1.y + object1.height > object2.y &&\n        object1.y < object2.y + object2.height) {\n\n        // Inelastic collision: objects stick together\n        const totalMomentum = object1.mass * object1.velocityX + object2.mass * object2.velocityX;\n        const totalMass = object1.mass + object2.mass;\n        const finalVelocity = totalMomentum / totalMass;\n\n        object1.velocityX = finalVelocity;\n        object2.velocityX = finalVelocity;\n\n        // Make the objects visually stick together\n        object2.x = object1.x + object1.width;\n    }\n\n    requestAnimationFrame(update);\n}\n\nupdate();"
        },
        "cost": 0.000681525,
        "input_tokens": 2959.5,
        "output_tokens": 396.0,
        "total_tokens": 3355.5,
        "execution_result": {
          "status": "success",
          "session_id": "52743279",
          "operations": [
            "direct_files"
          ],
          "created_files": [
            "media\\generated\\52743279\\inelastic_collision.html",
            "media\\generated\\52743279\\inelastic_collision.css",
            "media\\generated\\52743279\\inelastic_collision.js"
          ],
          "file_results": {
            "created_files": [
              "media\\generated\\52743279\\inelastic_collision.html",
              "media\\generated\\52743279\\inelastic_collision.css",
              "media\\generated\\52743279\\inelastic_collision.js"
            ],
            "file_count": 3,
            "total_size": 2087,
            "status": "success",
            "errors": [],
            "execution_time": 0.005087100000309874
          },
          "code_results": {},
          "total_time": 0.006902999999510939,
          "error": null
        },
        "created_files": [
          "media\\generated\\52743279\\inelastic_collision.html",
          "media\\generated\\52743279\\inelastic_collision.css",
          "media\\generated\\52743279\\inelastic_collision.js"
        ]
      },
      "error": null,
      "cost": 0.0,
      "start_time": "2025-07-17T09:07:59.531893",
      "end_time": "2025-07-17T09:08:15.116361",
      "execution_time": 15.584468,
      "execution_result": {
        "status": "success",
        "session_id": "52743279",
        "operations": [
          "direct_files"
        ],
        "created_files": [
          "media\\generated\\52743279\\inelastic_collision.html",
          "media\\generated\\52743279\\inelastic_collision.css",
          "media\\generated\\52743279\\inelastic_collision.js"
        ],
        "file_results": {
          "created_files": [
            "media\\generated\\52743279\\inelastic_collision.html",
            "media\\generated\\52743279\\inelastic_collision.css",
            "media\\generated\\52743279\\inelastic_collision.js"
          ],
          "file_count": 3,
          "total_size": 2087,
          "status": "success",
          "errors": [],
          "execution_time": 0.005087100000309874
        },
        "code_results": {},
        "total_time": 0.006902999999510939,
        "error": null
      },
      "input_tokens": 0,
      "output_tokens": 0
    },
    {
      "id": "T003",
      "description": "Generate an animation of a 2D collision with different masses and angles using HTML, CSS, and JavaScript. Ensure it's visually clear, scientifically accurate, and runs smoothly on average school computers. The output must be saved as `two_d_collision.js`, `two_d_collision.css` and `two_d_collision.html`. Add necessary placeholders to be updated later.",
      "agent": "CoderAgent",
      "agent_prompt": "Create a browser-native animation (HTML, CSS, JavaScript) demonstrating a 2D collision with different masses and angles. The animation should be visually clear, scientifically accurate, and optimized for performance on average school computers. Ensure there are no external CDN dependencies and that all linked assets work offline. Save the animation as `two_d_collision.js`, `two_d_collision.css` and `two_d_collision.html`. In the html file, add a placeholder for the slide in the full screen presentation.",
      "reads": [],
      "writes": [
        "T003"
      ],
      "status": "completed",
      "output": {
        "initial_thoughts": "I need to create HTML, CSS, and JavaScript files for a 2D collision animation. This is a direct file creation task. I will ensure the code is visually clear, scientifically accurate, and optimized for performance. There should be no external CDN dependencies, and all assets should work offline. I will add a placeholder in the HTML file for the slide in the full-screen presentation.",
        "output": {},
        "call_self": false,
        "files": {
          "two_d_collision.html": "<!DOCTYPE html>\n<html lang=\"en\">\n<head>\n    <meta charset=\"UTF-8\">\n    <meta name=\"viewport\" content=\"width=device-width, initial-scale=1.0\">\n    <title>2D Collision</title>\n    <link rel=\"stylesheet\" href=\"two_d_collision.css\">\n</head>\n<body>\n    <canvas id=\"collisionCanvas\" width=\"800\" height=\"600\"></canvas>\n    <!-- SLIDE_PLACEHOLDER -->\n    <script src=\"two_d_collision.js\"></script>\n</body>\n</html>",
          "two_d_collision.css": "body {\n    margin: 0;\n    overflow: hidden;\n    background-color: #f0f0f0;\n}\n\ncanvas {\n    display: block;\n    background-color: #ffffff;\n    border: 1px solid #ccc;\n}",
          "two_d_collision.js": "// JavaScript code for 2D collision animation\nconst canvas = document.getElementById('collisionCanvas');\nconst ctx = canvas.getContext('2d');\n\n// Define objects with properties like mass, velocity, and position\nconst object1 = {\n    x: 100,   // Initial x position\n    y: 200,   // Initial y position\n    radius: 20,\n    mass: 1,   // Mass of the object\n    vx: 2,     // x velocity\n    vy: 0,     // y velocity\n    color: 'blue'\n};\n\nconst object2 = {\n    x: 600,   // Initial x position\n    y: 200,   // Initial y position\n    radius: 30,\n    mass: 2,   // Mass of the object\n    vx: -1,    // x velocity\n    vy: 0,     // y velocity\n    color: 'red'\n};\n\nfunction drawObject(object) {\n    ctx.beginPath();\n    ctx.arc(object.x, object.y, object.radius, 0, Math.PI * 2);\n    ctx.fillStyle = object.color;\n    ctx.fill();\n    ctx.closePath();\n}\n\nfunction collisionDetection(obj1, obj2) {\n    const dx = obj2.x - obj1.x;\n    const dy = obj2.y - obj1.y;\n    const distance = Math.sqrt(dx * dx + dy * dy);\n\n    if (distance < obj1.radius + obj2.radius) {\n        // Collision detected! Implement 2D elastic collision physics here\n        resolveCollision(obj1, obj2);\n    }\n}\n\nfunction resolveCollision(particle, otherParticle) {\n    const xVelocityDiff = particle.vx - otherParticle.vx;\n    const yVelocityDiff = particle.vy - otherParticle.vy;\n\n    const xDist = otherParticle.x - particle.x;\n    const yDist = otherParticle.y - particle.y;\n\n    // Prevent accidental overlap of particles after collision\n    if (xVelocityDiff * xDist + yVelocityDiff * yDist >= 0) {\n\n        // Grab angle between the two colliding particles\n        const angle = -Math.atan2(otherParticle.y - particle.y, otherParticle.x - particle.x);\n\n        // Store mass in var for better readability in collision equation\n        const m1 = particle.mass;\n        const m2 = otherParticle.mass;\n\n        // Velocity before equation\n        const u1 = rotate(particle.vx, particle.vy, angle);\n        const u2 = rotate(otherParticle.vx, otherParticle.vy, angle);\n\n        // Velocity after 1d collision equation\n        const v1 = {\n            x: u1.x * (m1 - m2) / (m1 + m2) + u2.x * 2 * m2 / (m1 + m2),\n            y: u1.y\n        };\n        const v2 = {\n            x: u2.x * (m2 - m1) / (m1 + m2) + u1.x * 2 * m1 / (m1 + m2),\n            y: u2.y\n        };\n\n        // Final velocity after rotating axis back to original location\n        const vFinal1 = rotate(v1.x, v1.y, -angle);\n        const vFinal2 = rotate(v2.x, v2.y, -angle);\n\n        // Swap particle velocities for realistic bounce effect\n        particle.vx = vFinal1.x;\n        particle.vy = vFinal1.y;\n\n        otherParticle.vx = vFinal2.x;\n        otherParticle.vy = vFinal2.y;\n    }\n}\n\n/**\n * Rotates coordinate system for velocities\n *\n * Takes velocities and alters them as if the coordinate system they're on was rotated\n *\n * @param velocityX\n * @param velocityY\n * @param angle\n * @returns {{x: number, y: number}}\n */\nfunction rotate(velocityX, velocityY, angle) {\n    const rotatedVelocities = {\n        x: velocityX * Math.cos(angle) - velocityY * Math.sin(angle),\n        y: velocityX * Math.sin(angle) + velocityY * Math.cos(angle)\n    };\n\n    return rotatedVelocities;\n}\n\n\nfunction update() {\n    ctx.clearRect(0, 0, canvas.width, canvas.height);\n\n    // Update object positions\n    object1.x += object1.vx;\n    object1.y += object1.vy;\n    object2.x += object2.vx;\n    object2.y += object2.vy;\n\n    // Bounce off the walls\n    if (object1.x + object1.radius > canvas.width || object1.x - object1.radius < 0) {\n        object1.vx = -object1.vx;\n    }\n    if (object1.y + object1.radius > canvas.height || object1.y - object1.radius < 0) {\n        object1.vy = -object1.vy;\n    }\n    if (object2.x + object2.radius > canvas.width || object2.x - object2.radius < 0) {\n        object2.vx = -object2.vx;\n    }\n    if (object2.y + object2.radius > canvas.height || object2.y - object2.radius < 0) {\n        object2.vy = -object2.vy;\n    }\n\n    collisionDetection(object1, object2);\n    drawObject(object1);\n    drawObject(object2);\n\n    requestAnimationFrame(update);\n}\n\nupdate();"
        },
        "cost": 0.00101745,
        "input_tokens": 2949.0,
        "output_tokens": 958.5,
        "total_tokens": 3907.5,
        "execution_result": {
          "status": "success",
          "session_id": "52743279",
          "operations": [
            "direct_files"
          ],
          "created_files": [
            "media\\generated\\52743279\\two_d_collision.html",
            "media\\generated\\52743279\\two_d_collision.css",
            "media\\generated\\52743279\\two_d_collision.js"
          ],
          "file_results": {
            "created_files": [
              "media\\generated\\52743279\\two_d_collision.html",
              "media\\generated\\52743279\\two_d_collision.css",
              "media\\generated\\52743279\\two_d_collision.js"
            ],
            "file_count": 3,
            "total_size": 4699,
            "status": "success",
            "errors": [],
            "execution_time": 0.004262899999957881
          },
          "code_results": {},
          "total_time": 0.006114800000432297,
          "error": null
        },
        "created_files": [
          "media\\generated\\52743279\\two_d_collision.html",
          "media\\generated\\52743279\\two_d_collision.css",
          "media\\generated\\52743279\\two_d_collision.js"
        ]
      },
      "error": null,
      "cost": 0.0,
      "start_time": "2025-07-17T09:07:59.534977",
      "end_time": "2025-07-17T09:08:15.133356",
      "execution_time": 15.598379,
      "execution_result": {
        "status": "success",
        "session_id": "52743279",
        "operations": [
          "direct_files"
        ],
        "created_files": [
          "media\\generated\\52743279\\two_d_collision.html",
          "media\\generated\\52743279\\two_d_collision.css",
          "media\\generated\\52743279\\two_d_collision.js"
        ],
        "file_results": {
          "created_files": [
            "media\\generated\\52743279\\two_d_collision.html",
            "media\\generated\\52743279\\two_d_collision.css",
            "media\\generated\\52743279\\two_d_collision.js"
          ],
          "file_count": 3,
          "total_size": 4699,
          "status": "success",
          "errors": [],
          "execution_time": 0.004262899999957881
        },
        "code_results": {},
        "total_time": 0.006114800000432297,
        "error": null
      },
      "input_tokens": 0,
      "output_tokens": 0
    },
    {
      "id": "T004",
      "description": "Generate an animation of Newton’s Cradle using HTML, CSS, and JavaScript. Ensure it's visually clear, scientifically accurate, and runs smoothly on average school computers. The output must be saved as `newtons_cradle.js`, `newtons_cradle.css` and `newtons_cradle.html`. Add necessary placeholders to be updated later.",
      "agent": "CoderAgent",
      "agent_prompt": "Create a browser-native animation (HTML, CSS, JavaScript) demonstrating Newton’s Cradle. The animation should be visually clear, scientifically accurate, and optimized for performance on average school computers. Ensure there are no external CDN dependencies and that all linked assets work offline. Save the animation as `newtons_cradle.js`, `newtons_cradle.css` and `newtons_cradle.html`. In the html file, add a placeholder for the slide in the full screen presentation.",
      "reads": [],
      "writes": [
        "T004"
      ],
      "status": "completed",
      "output": {
        "initial_thoughts": "Okay, I need to create three files: `newtons_cradle.html`, `newtons_cradle.css`, and `newtons_cradle.js`. The JavaScript file will contain the animation logic, the CSS will handle the styling, and the HTML will structure the page and include placeholders to integrate the slide into the full screen presentation. I will use canvas for the animation to optimize performance and avoid external dependencies. I will prioritize scientific accuracy and visual clarity.",
        "output": {},
        "call_self": false,
        "files": {
          "newtons_cradle.html": "<!DOCTYPE html>\n<html>\n<head>\n    <title>Newton's Cradle</title>\n    <link rel=\"stylesheet\" href=\"newtons_cradle.css\">\n</head>\n<body>\n    <div class=\"container\">\n        <h1>Newton's Cradle</h1>\n        <canvas id=\"newtonsCradleCanvas\" width=\"600\" height=\"400\"></canvas>\n    </div>\n    <!-- SLIDE_PLACEHOLDER -->\n    <script src=\"newtons_cradle.js\"></script>\n</body>\n</html>",
          "newtons_cradle.css": "body {\n    font-family: Arial, sans-serif;\n    display: flex;\n    justify-content: center;\n    align-items: center;\n    min-height: 100vh;\n    background-color: #f0f0f0;\n    margin: 0;\n}\n\n.container {\n    text-align: center;\n}\n\ncanvas {\n    background-color: #fff;\n    border: 1px solid #ccc;\n}",
          "newtons_cradle.js": "// newtons_cradle.js\n\nconst canvas = document.getElementById('newtonsCradleCanvas');\nconst ctx = canvas.getContext('2d');\n\nconst numBalls = 5;\nconst ballRadius = 20;\nconst stringLength = 150;\nconst initialAngle = Math.PI / 6;\nconst gravity = 0.5;\nconst damping = 0.99;\n\nlet balls = [];\n\nfunction init() {\n    balls = [];\n    for (let i = 0; i < numBalls; i++) {\n        balls.push({\n            x: canvas.width / 2 + (i - (numBalls - 1) / 2) * (2 * ballRadius + 10),\n            y: canvas.height / 2 - stringLength,\n            angle: 0,\n            velocity: 0\n        });\n    }\n    balls[0].angle = initialAngle; // Start with the first ball raised\n}\n\nfunction drawLine(x1, y1, x2, y2) {\n    ctx.beginPath();\n    ctx.moveTo(x1, y1);\n    ctx.lineTo(x2, y2);\n    ctx.strokeStyle = '#000';\n    ctx.lineWidth = 2;\n    ctx.stroke();\n}\n\nfunction drawBall(x, y) {\n    ctx.beginPath();\n    ctx.arc(x, y, ballRadius, 0, Math.PI * 2);\n    ctx.fillStyle = '#3498db';\n    ctx.fill();\n    ctx.strokeStyle = '#2980b9';\n    ctx.lineWidth = 1;\n    ctx.stroke();\n}\n\nfunction update() {\n    for (let i = 0; i < numBalls; i++) {\n        const ball = balls[i];\n        const angleAcceleration = -gravity / stringLength * Math.sin(ball.angle);\n        ball.velocity += angleAcceleration;\n        ball.velocity *= damping;\n        ball.angle += ball.velocity;\n\n        ball.x = canvas.width / 2 + (i - (numBalls - 1) / 2) * (2 * ballRadius + 10) + stringLength * Math.sin(ball.angle);\n        ball.y = canvas.height / 2 - stringLength * Math.cos(ball.angle);\n    }\n\n    // Collision detection (crude)\n    for (let i = 0; i < numBalls - 1; i++) {\n        const ball1 = balls[i];\n        const ball2 = balls[i + 1];\n        const distance = Math.abs(ball1.x - ball2.x);\n\n        if (distance < 2 * ballRadius && ball1.velocity > 0) {\n          let tempVelocity = ball1.velocity;\n            ball1.velocity = ball2.velocity;\n            ball2.velocity = tempVelocity;\n        }\n    }\n\n    ctx.clearRect(0, 0, canvas.width, canvas.height);\n    for (let i = 0; i < numBalls; i++) {\n        const ball = balls[i];\n        const anchorX = canvas.width / 2 + (i - (numBalls - 1) / 2) * (2 * ballRadius + 10);\n        const anchorY = canvas.height / 2 - stringLength;        \n        drawLine(ball.x, ball.y, anchorX, anchorY);\n        drawBall(ball.x, ball.y);\n    }\n\n    requestAnimationFrame(update);\n}\n\ninit();\nupdate();"
        },
        "cost": 0.0008289,
        "input_tokens": 2940.0,
        "output_tokens": 646.5,
        "total_tokens": 3586.5,
        "execution_result": {
          "status": "success",
          "session_id": "52743279",
          "operations": [
            "direct_files"
          ],
          "created_files": [
            "media\\generated\\52743279\\newtons_cradle.html",
            "media\\generated\\52743279\\newtons_cradle.css",
            "media\\generated\\52743279\\newtons_cradle.js"
          ],
          "file_results": {
            "created_files": [
              "media\\generated\\52743279\\newtons_cradle.html",
              "media\\generated\\52743279\\newtons_cradle.css",
              "media\\generated\\52743279\\newtons_cradle.js"
            ],
            "file_count": 3,
            "total_size": 3063,
            "status": "success",
            "errors": [],
            "execution_time": 0.00521399999888672
          },
          "code_results": {},
          "total_time": 0.007048899999062996,
          "error": null
        },
        "created_files": [
          "media\\generated\\52743279\\newtons_cradle.html",
          "media\\generated\\52743279\\newtons_cradle.css",
          "media\\generated\\52743279\\newtons_cradle.js"
        ]
      },
      "error": null,
      "cost": 0.0,
      "start_time": "2025-07-17T09:07:59.537886",
      "end_time": "2025-07-17T09:08:15.153360",
      "execution_time": 15.615474,
      "execution_result": {
        "status": "success",
        "session_id": "52743279",
        "operations": [
          "direct_files"
        ],
        "created_files": [
          "media\\generated\\52743279\\newtons_cradle.html",
          "media\\generated\\52743279\\newtons_cradle.css",
          "media\\generated\\52743279\\newtons_cradle.js"
        ],
        "file_results": {
          "created_files": [
            "media\\generated\\52743279\\newtons_cradle.html",
            "media\\generated\\52743279\\newtons_cradle.css",
            "media\\generated\\52743279\\newtons_cradle.js"
          ],
          "file_count": 3,
          "total_size": 3063,
          "status": "success",
          "errors": [],
          "execution_time": 0.00521399999888672
        },
        "code_results": {},
        "total_time": 0.007048899999062996,
        "error": null
      },
      "input_tokens": 0,
      "output_tokens": 0
    },
    {
      "id": "T005",
      "description": "Generate an animation of bouncing balls with changing mass using HTML, CSS, and JavaScript. Ensure it's visually clear, scientifically accurate, and runs smoothly on average school computers. The output must be saved as `bouncing_balls.js`, `bouncing_balls.css` and `bouncing_balls.html`. Add necessary placeholders to be updated later.",
      "agent": "CoderAgent",
      "agent_prompt": "Create a browser-native animation (HTML, CSS, JavaScript) demonstrating bouncing balls with changing mass. The animation should be visually clear, scientifically accurate, and optimized for performance on average school computers. Ensure there are no external CDN dependencies and that all linked assets work offline. Save the animation as `bouncing_balls.js`, `bouncing_balls.css` and `bouncing_balls.html`. In the html file, add a placeholder for the slide in the full screen presentation.",
      "reads": [],
      "writes": [
        "T005"
      ],
      "status": "completed",
      "output": {
        "initial_thoughts": "Okay, I need to create the bouncing balls animation using HTML, CSS, and JavaScript. Since this involves creating new files, I'll use direct file creation. I will ensure that there are no external dependencies and that all the assets work offline. I will also remember to include a placeholder in the HTML file for the slide in the fullscreen presentation and use only browser-native technologies.",
        "output": {},
        "call_self": false,
        "files": {
          "bouncing_balls.html": "<!DOCTYPE html>\n<html>\n<head>\n    <title>Bouncing Balls</title>\n    <link rel=\"stylesheet\" href=\"bouncing_balls.css\">\n</head>\n<body>\n    <canvas id=\"bouncingBallsCanvas\"></canvas>\n    <!-- SLIDE_PLACEHOLDER -->\n    <script src=\"bouncing_balls.js\"></script>\n</body>\n</html>",
          "bouncing_balls.css": "body {\n    margin: 0;\n    overflow: hidden;\n    background-color: #f0f0f0;\n}\n\ncanvas {\n    display: block;\n}",
          "bouncing_balls.js": "// JavaScript for Bouncing Balls Animation\nconst canvas = document.getElementById('bouncingBallsCanvas');\nconst ctx = canvas.getContext('2d');\n\ncanvas.width = window.innerWidth;\ncanvas.height = window.innerHeight;\n\nconst balls = [];\nconst numberOfBalls = 10;\n\nclass Ball {\n    constructor(x, y, radius, mass) {\n        this.x = x;\n        this.y = y;\n        this.radius = radius;\n        this.mass = mass;\n        this.velocity_x = (Math.random() - 0.5) * 10;\n        this.velocity_y = (Math.random() - 0.5) * 10;\n        this.color = '#' + Math.floor(Math.random()*16777215).toString(16);\n    }\n\n    draw() {\n        ctx.beginPath();\n        ctx.arc(this.x, this.y, this.radius, 0, Math.PI * 2);\n        ctx.fillStyle = this.color;\n        ctx.fill();\n        ctx.closePath();\n    }\n\n    update() {\n        this.x += this.velocity_x;\n        this.y += this.velocity_y;\n\n        // Bounce off the walls\n        if (this.x + this.radius > canvas.width || this.x - this.radius < 0) {\n            this.velocity_x = -this.velocity_x;\n        }\n        if (this.y + this.radius > canvas.height || this.y - this.radius < 0) {\n            this.velocity_y = -this.velocity_y;\n        }\n\n        this.draw();\n    }\n}\n\n// Initialize balls\nfor (let i = 0; i < numberOfBalls; i++) {\n    const radius = Math.random() * 20 + 10;\n    const mass = radius / 10; // mass proportional to radius for visual effect\n    const x = Math.random() * (canvas.width - radius * 2) + radius;\n    const y = Math.random() * (canvas.height - radius * 2) + radius;\n    balls.push(new Ball(x, y, radius, mass));\n}\n\nfunction animate() {\n    requestAnimationFrame(animate);\n    ctx.clearRect(0, 0, canvas.width, canvas.height);\n\n    for (let i = 0; i < balls.length; i++) {\n        balls[i].update();\n    }\n}\n\nanimate();\n\nwindow.addEventListener('resize', function() {\n    canvas.width = window.innerWidth;\n    canvas.height = window.innerHeight;\n});"
        },
        "cost": 0.0007296749999999999,
        "input_tokens": 2944.5,
        "output_tokens": 480.0,
        "total_tokens": 3424.5,
        "execution_result": {
          "status": "success",
          "session_id": "52743279",
          "operations": [
            "direct_files"
          ],
          "created_files": [
            "media\\generated\\52743279\\bouncing_balls.html",
            "media\\generated\\52743279\\bouncing_balls.css",
            "media\\generated\\52743279\\bouncing_balls.js"
          ],
          "file_results": {
            "created_files": [
              "media\\generated\\52743279\\bouncing_balls.html",
              "media\\generated\\52743279\\bouncing_balls.css",
              "media\\generated\\52743279\\bouncing_balls.js"
            ],
            "file_count": 3,
            "total_size": 2294,
            "status": "success",
            "errors": [],
            "execution_time": 0.007862300000851974
          },
          "code_results": {},
          "total_time": 0.009821499999816297,
          "error": null
        },
        "created_files": [
          "media\\generated\\52743279\\bouncing_balls.html",
          "media\\generated\\52743279\\bouncing_balls.css",
          "media\\generated\\52743279\\bouncing_balls.js"
        ]
      },
      "error": null,
      "cost": 0.0,
      "start_time": "2025-07-17T09:08:16.184942",
      "end_time": "2025-07-17T09:08:27.778303",
      "execution_time": 11.593361,
      "execution_result": {
        "status": "success",
        "session_id": "52743279",
        "operations": [
          "direct_files"
        ],
        "created_files": [
          "media\\generated\\52743279\\bouncing_balls.html",
          "media\\generated\\52743279\\bouncing_balls.css",
          "media\\generated\\52743279\\bouncing_balls.js"
        ],
        "file_results": {
          "created_files": [
            "media\\generated\\52743279\\bouncing_balls.html",
            "media\\generated\\52743279\\bouncing_balls.css",
            "media\\generated\\52743279\\bouncing_balls.js"
          ],
          "file_count": 3,
          "total_size": 2294,
          "status": "success",
          "errors": [],
          "execution_time": 0.007862300000851974
        },
        "code_results": {},
        "total_time": 0.009821499999816297,
        "error": null
      },
      "input_tokens": 0,
      "output_tokens": 0
    },
    {
      "id": "T006",
      "description": "Generate an animation of carts on a frictionless track with spring bumpers using HTML, CSS, and JavaScript. Ensure it's visually clear, scientifically accurate, and runs smoothly on average school computers. The output must be saved as `carts_track.js`, `carts_track.css` and `carts_track.html`. Add necessary placeholders to be updated later.",
      "agent": "CoderAgent",
      "agent_prompt": "Create a browser-native animation (HTML, CSS, JavaScript) demonstrating carts on a frictionless track with spring bumpers. The animation should be visually clear, scientifically accurate, and optimized for performance on average school computers. Ensure there are no external CDN dependencies and that all linked assets work offline. Save the animation as `carts_track.js`, `carts_track.css` and `carts_track.html`. In the html file, add a placeholder for the slide in the full screen presentation.",
      "reads": [],
      "writes": [
        "T006"
      ],
      "status": "completed",
      "output": {
        "initial_thoughts": "This task requires creating three files: `carts_track.html`, `carts_track.css`, and `carts_track.js`. The animation should demonstrate carts on a frictionless track with spring bumpers, be visually clear, scientifically accurate, and optimized for performance. It must use browser-native technologies and work offline, without external CDN dependencies. I will generate these files directly.",
        "output": {},
        "call_self": false,
        "files": {
          "carts_track.html": "<!DOCTYPE html>\n<html lang=\"en\">\n<head>\n    <meta charset=\"UTF-8\">\n    <meta name=\"viewport\" content=\"width=device-width, initial-scale=1.0\">\n    <title>Carts on Track</title>\n    <link rel=\"stylesheet\" href=\"carts_track.css\">\n</head>\n<body>\n    <div class=\"container\">\n        <h1>Carts on a Frictionless Track</h1>\n        <canvas id=\"trackCanvas\" width=\"800\" height=\"400\"></canvas>\n        <p>Adjust the initial velocities of the carts:</p>\n        <div class=\"controls\">\n            <label for=\"cart1Velocity\">Cart 1 Velocity:</label>\n            <input type=\"range\" id=\"cart1Velocity\" min=\"-5\" max=\"5\" value=\"2\" step=\"0.1\">\n            <span id=\"cart1VelocityValue\">2</span>\n            <br>\n            <label for=\"cart2Velocity\">Cart 2 Velocity:</label>\n            <input type=\"range\" id=\"cart2Velocity\" min=\"-5\" max=\"5\" value=\"-2\" step=\"0.1\">\n            <span id=\"cart2VelocityValue\">-2</span>\n        </div>\n        <p>Law of Conservation of Momentum demonstration.</p>\n        <!-- SLIDE_PRESENTATION_PLACEHOLDER -->\n    </div>\n    <script src=\"carts_track.js\"></script>\n</body>\n</html>",
          "carts_track.css": "body {\n    font-family: Arial, sans-serif;\n    background-color: #f0f0f0;\n    display: flex;\n    justify-content: center;\n    align-items: center;\n    height: 100vh;\n    margin: 0;\n}\n\n.container {\n    background-color: #fff;\n    padding: 20px;\n    border-radius: 8px;\n    box-shadow: 0 0 10px rgba(0, 0, 0, 0.1);\n    text-align: center;\n}\n\ncanvas {\n    border: 1px solid #000;\n    background-color: #eee;\n}\n\n.controls {\n    margin-top: 10px;\n}\n\ninput[type=range] {\n    width: 200px;\n}\n",
          "carts_track.js": "// carts_track.js\n\nconst canvas = document.getElementById('trackCanvas');\nconst ctx = canvas.getContext('2d');\n\nconst cart1VelocityInput = document.getElementById('cart1Velocity');\nconst cart2VelocityInput = document.getElementById('cart2Velocity');\nconst cart1VelocityValue = document.getElementById('cart1VelocityValue');\nconst cart2VelocityValue = document.getElementById('cart2VelocityValue');\n\nlet cart1 = { x: 100, y: 200, width: 50, height: 30, mass: 1, velocity: 2 };\nlet cart2 = { x: 600, y: 200, width: 50, height: 30, mass: 1, velocity: -2 };\n\nconst springConstant = 0.1; // Adjust for spring stiffness\nconst dampingFactor = 0.98; // Adjust for energy loss per collision\n\nfunction drawCart(cart) {\n    ctx.fillStyle = 'red';\n    ctx.fillRect(cart.x, cart.y, cart.width, cart.height);\n}\n\nfunction update() {\n    cart1.velocity = parseFloat(cart1VelocityInput.value);\n    cart2.velocity = parseFloat(cart2VelocityInput.value);\n    cart1VelocityValue.textContent = cart1.velocity;\n    cart2VelocityValue.textContent = cart2.velocity;\n\n    cart1.x += cart1.velocity;\n    cart2.x += cart2.velocity;\n\n    // Collision detection and response\n    if (cart1.x + cart1.width > cart2.x && cart1.x < cart2.x + cart2.width) {\n        // Spring force calculation\n        let overlap = Math.min(cart1.x + cart1.width - cart2.x, cart2.x + cart2.width - cart1.x);\n        let springForce = springConstant * overlap;\n\n        // Determine direction of forces\n        let forceDirection = (cart1.x < cart2.x) ? 1 : -1;\n\n        // Update velocities based on spring force\n        let impulse1 = springForce * forceDirection;\n        let impulse2 = -springForce * forceDirection;\n\n        cart1.velocity += impulse1 / cart1.mass;\n        cart2.velocity += impulse2 / cart2.mass;\n\n         // Apply damping to reduce energy loss\n        cart1.velocity *= dampingFactor;\n        cart2.velocity *= dampingFactor;\n    }\n\n\n    // Boundary collision detection\n    if (cart1.x < 0) {\n        cart1.x = 0;\n        cart1.velocity = -cart1.velocity * dampingFactor;\n    } else if (cart1.x + cart1.width > canvas.width/2) {\n        cart1.x = canvas.width/2 - cart1.width;\n        cart1.velocity = -cart1.velocity * dampingFactor;\n    }\n    if (cart2.x + cart2.width > canvas.width) {\n        cart2.x = canvas.width - cart2.width;\n        cart2.velocity = -cart2.velocity * dampingFactor;\n    } else if (cart2.x < canvas.width/2) {\n        cart2.x = canvas.width/2;\n        cart2.velocity = -cart2.velocity * dampingFactor;\n    }\n\n    ctx.clearRect(0, 0, canvas.width, canvas.height);\n    drawCart(cart1);\n    drawCart(cart2);\n\n    requestAnimationFrame(update);\n}\n\nupdate();\n"
        },
        "cost": 0.0008572499999999999,
        "input_tokens": 2949.0,
        "output_tokens": 691.5,
        "total_tokens": 3640.5,
        "execution_result": {
          "status": "success",
          "session_id": "52743279",
          "operations": [
            "direct_files"
          ],
          "created_files": [
            "media\\generated\\52743279\\carts_track.html",
            "media\\generated\\52743279\\carts_track.css",
            "media\\generated\\52743279\\carts_track.js"
          ],
          "file_results": {
            "created_files": [
              "media\\generated\\52743279\\carts_track.html",
              "media\\generated\\52743279\\carts_track.css",
              "media\\generated\\52743279\\carts_track.js"
            ],
            "file_count": 3,
            "total_size": 4237,
            "status": "success",
            "errors": [],
            "execution_time": 0.00473960000090301
          },
          "code_results": {},
          "total_time": 0.006557200000315788,
          "error": null
        },
        "created_files": [
          "media\\generated\\52743279\\carts_track.html",
          "media\\generated\\52743279\\carts_track.css",
          "media\\generated\\52743279\\carts_track.js"
        ]
      },
      "error": null,
      "cost": 0.0,
      "start_time": "2025-07-17T09:08:16.191847",
      "end_time": "2025-07-17T09:08:27.799308",
      "execution_time": 11.607461,
      "execution_result": {
        "status": "success",
        "session_id": "52743279",
        "operations": [
          "direct_files"
        ],
        "created_files": [
          "media\\generated\\52743279\\carts_track.html",
          "media\\generated\\52743279\\carts_track.css",
          "media\\generated\\52743279\\carts_track.js"
        ],
        "file_results": {
          "created_files": [
            "media\\generated\\52743279\\carts_track.html",
            "media\\generated\\52743279\\carts_track.css",
            "media\\generated\\52743279\\carts_track.js"
          ],
          "file_count": 3,
          "total_size": 4237,
          "status": "success",
          "errors": [],
          "execution_time": 0.00473960000090301
        },
        "code_results": {},
        "total_time": 0.006557200000315788,
        "error": null
      },
      "input_tokens": 0,
      "output_tokens": 0
    },
    {
      "id": "T007",
      "description": "Integrate the animations into a visually appealing, full-screen HTML presentation.  Include a title slide and a summary/conclusion slide reinforcing the conservation principle. Make it interactive where helpful (e.g., sliders to vary mass or velocity). Use only browser-native technologies: HTML, CSS, JavaScript. Ensure everything works offline — link all JS/CSS/image files properly.",
      "agent": "CoderAgent",
      "agent_prompt": "Using the animations generated in T001, T002, T003, T004, T005, and T006, create a visually appealing, full-screen HTML presentation (single file or folder), with linked assets, embedded animations (canvas-based, SVG, or CSS/JS as needed), and simple labels or captions for each slide. The layout should be modern, fullscreen by default, easy to navigate (e.g., arrows or buttons), and designed with school projectors in mind (light background, large fonts, minimal clutter).  Include a title slide and a summary/conclusion slide reinforcing the conservation principle. Make it interactive where helpful (e.g., sliders to vary mass or velocity). Use only browser-native technologies: HTML, CSS, JavaScript. Ensure everything works offline — link all JS/CSS/image files properly. No placeholders. No missing links. Everything must just work. Build with pride: this is going to be used to inspire 12-year-olds. Name the final file `presentation.html`, `presentation.css`, `presentation.js`",
      "reads": [
        "T001",
        "T002",
        "T003",
        "T004",
        "T005",
        "T006"
      ],
      "writes": [
        "T007"
      ],
      "status": "failed",
      "output": null,
      "error": "503 UNAVAILABLE. {'error': {'code': 503, 'message': 'The model is overloaded. Please try again later.', 'status': 'UNAVAILABLE'}}",
      "cost": 0.0,
      "start_time": "2025-07-17T09:08:27.823298",
      "end_time": "2025-07-17T09:08:32.765150",
      "execution_time": 4.941852
    },
    {
      "id": "T008",
      "description": "Beautify the HTML presentation from T007 into human-readable formats such as HTML. Output should be rich, well-structured, and visually organized. The presentation needs to look perfect.",
      "agent": "FormatterAgent",
      "agent_prompt": "Take the HTML presentation generated by the CoderAgent in T007, and beautify it, making it visually appealing and easy to understand. The presentation needs to look perfect.",
      "reads": [
        "T007"
      ],
      "writes": [
        "T008"
      ],
      "status": "pending",
      "output": null,
      "error": null,
      "cost": 0.0,
      "start_time": null,
      "end_time": null,
      "execution_time": 0.0
    },
    {
      "id": "T009",
      "description": "Summarize the job done for this query.",
      "agent": "DistillerAgent",
      "agent_prompt": "Summarize the animations of the law of conservation of momentum created using HTML, CSS and Javascript into a single file presentation.",
      "reads": [
        "T008"
      ],
      "writes": [
        "T009"
      ],
      "status": "pending",
      "output": null,
      "error": null,
      "cost": 0.0,
      "start_time": null,
      "end_time": null,
      "execution_time": 0.0
    }
  ],
  "links": [
    {
      "source": "ROOT",
      "target": "T001"
    },
    {
      "source": "ROOT",
      "target": "T002"
    },
    {
      "source": "ROOT",
      "target": "T003"
    },
    {
      "source": "ROOT",
      "target": "T004"
    },
    {
      "source": "ROOT",
      "target": "T005"
    },
    {
      "source": "ROOT",
      "target": "T006"
    },
    {
      "source": "T001",
      "target": "T007"
    },
    {
      "source": "T002",
      "target": "T007"
    },
    {
      "source": "T003",
      "target": "T007"
    },
    {
      "source": "T004",
      "target": "T007"
    },
    {
      "source": "T005",
      "target": "T007"
    },
    {
      "source": "T006",
      "target": "T007"
    },
    {
      "source": "T007",
      "target": "T008"
    },
    {
      "source": "T008",
      "target": "T009"
    }
  ]
}