{
  "directed": true,
  "multigraph": false,
  "graph": {
    "session_id": "52744342",
    "original_query": "I am a middle school physics teacher preparing to teach the **law of conservation of momentum**, and I need you to autonomously generate a complete, classroom-ready visual presentation. Your task is to create a series of **clear, self-explanatory, and scientifically accurate animations** that demonstrate key momentum concepts, including:1. Elastic collision in 1D (e.g., two balls bouncing off each other)2. Inelastic collision in 1D (e.g., two objects sticking together)3. 2D collision with different masses and angles4. Newton’s Cradle5. Bouncing balls with changing mass6. Carts on a frictionless track with spring bumpersYou must organize these into a **visually appealing, full-screen HTML presentation** (single file or folder), with **linked assets**, embedded animations (canvas-based, SVG, or CSS/JS as needed), and simple labels or captions for each slide. The layout should be modern, fullscreen by default, easy to navigate (e.g., arrows or buttons), and designed with school projectors in mind (light background, large fonts, minimal clutter).Ensure everything works offline — **link all JS/CSS/image files properly**. Animations should run smoothly on average school computers. Avoid external CDN dependencies. Include a title slide and a summary/conclusion slide reinforcing the conservation principle. Make it **interactive where helpful** (e.g., sliders to vary mass or velocity). Use only browser-native technologies: HTML, CSS, JavaScript.Your output should be a clean, and ready to copy to a USB drive and run locally. No placeholders. No missing links. Everything must just work. Build with pride: this is going to be used to inspire 12-year-olds.",
    "file_manifest": [],
    "created_at": "2025-07-17T09:25:42.249380",
    "status": "running",
    "output_chain": {
      "T001": {
        "initial_thoughts": "Okay, I need to create the initial HTML structure and CSS files for a presentation. Since the task is to generate new files rather than modify existing ones, I will use the direct file creation approach. This includes generating the index.html file with placeholders for the animations, and separate CSS files for different styling components like the basic style, arrow buttons, etc. I will ensure proper file naming for CSS and use minimal, readable HTML.",
        "output": {},
        "call_self": false,
        "files": {
          "index.html": "<!DOCTYPE html>\n<html lang=\"en\">\n<head>\n    <meta charset=\"UTF-8\">\n    <meta name=\"viewport\" content=\"width=device-width, initial-scale=1.0\">\n    <title>Conservation of Momentum</title>\n    <link rel=\"stylesheet\" href=\"css/style.css\">\n    <link rel=\"stylesheet\" href=\"css/arrows.css\">\n</head>\n<body>\n    <div class=\"slides\">\n        <div class=\"slide\" id=\"title-slide\">\n            <h1>Law of Conservation of Momentum</h1>\n            <p>A presentation for middle school physics</p>\n        </div>\n\n        <div class=\"slide\" id=\"elastic-collision\">\n            <h2>Elastic Collision in 1D</h2>\n            <div class=\"animation-placeholder\">\n                <!-- Animation/Interactive element for Elastic Collision in 1D -->\n            </div>\n            <p>Demonstration of elastic collision where kinetic energy is conserved.</p>\n        </div>\n\n        <div class=\"slide\" id=\"inelastic-collision\">\n            <h2>Inelastic Collision in 1D</h2>\n            <div class=\"animation-placeholder\">\n                <!-- Animation/Interactive element for Inelastic Collision in 1D -->\n            </div>\n            <p>Demonstration of inelastic collision where kinetic energy is not conserved.</p>\n        </div>\n\n        <div class=\"slide\" id=\"collision-2d\">\n            <h2>2D Collision with Different Masses and Angles</h2>\n            <div class=\"animation-placeholder\">\n                <!-- Animation/Interactive element for 2D Collision -->\n            </div>\n            <p>Demonstration of collision in two dimensions with varying masses and angles.</p>\n        </div>\n\n        <div class=\"slide\" id=\"newtons-cradle\">\n            <h2>Newton’s Cradle</h2>\n            <div class=\"animation-placeholder\">\n                <!-- Animation/Interactive element for Newton’s Cradle -->\n            </div>\n            <p>Demonstration of momentum transfer in Newton’s Cradle.</p>\n        </div>\n\n        <div class=\"slide\" id=\"bouncing-balls\">\n            <h2>Bouncing Balls with Changing Mass</h2>\n            <div class=\"animation-placeholder\">\n                <!-- Animation/Interactive element for Bouncing Balls -->\n            </div>\n            <p>Demonstration of bouncing balls with changing mass and momentum transfer.</p>\n        </div>\n\n        <div class=\"slide\" id=\"carts-track\">\n            <h2>Carts on a Frictionless Track with Spring Bumpers</h2>\n            <div class=\"animation-placeholder\">\n                <!-- Animation/Interactive element for Carts on Track -->\n            </div>\n            <p>Demonstration of carts colliding with spring bumpers on a frictionless track.</p>\n        </div>\n\n        <div class=\"slide\" id=\"summary-slide\">\n            <h2>Summary/Conclusion</h2>\n            <p>The law of conservation of momentum states that the total momentum of a closed system remains constant if no external forces act on it.</p>\n        </div>\n    </div>\n\n    <div class=\"arrows\">\n        <button id=\"prev\" class=\"arrow\">&#8249;</button>\n        <button id=\"next\" class=\"arrow\">&#8250;</button>\n    </div>\n\n    <script src=\"js/script.js\"></script>\n</body>\n</html>",
          "css/style.css": "body {\n    font-family: Arial, sans-serif;\n    background-color: #f0f0f0;\n    margin: 0;\n    padding: 0;\n    display: flex;\n    flex-direction: column;\n    align-items: center;\n    justify-content: center;\n    min-height: 100vh;\n}\n\n.slides {\n    width: 80%;\n    margin: 20px auto;\n    padding: 20px;\n    background-color: #fff;\n    border-radius: 10px;\n    box-shadow: 0 0 10px rgba(0, 0, 0, 0.1);\n}\n\n.slide {\n    text-align: center;\n    padding: 20px;\n}\n\nh1 {\n    font-size: 2.5em;\n    color: #333;\n}\n\nh2 {\n    font-size: 2em;\n    color: #555;\n}\n\np {\n    font-size: 1.2em;\n    color: #777;\n}\n\n.animation-placeholder {\n    width: 100%;\n    height: 300px;\n    background-color: #eee;\n    margin: 20px 0;\n    border-radius: 5px;\n    display: flex;\n    align-items: center;\n    justify-content: center;\n    color: #999;\n    font-style: italic;\n}",
          "css/arrows.css": ".arrows {\n    display: flex;\n    justify-content: space-between;\n    width: 80%;\n    margin: 20px auto;\n}\n\n.arrow {\n    background-color: #4CAF50;\n    border: none;\n    color: white;\n    padding: 10px 20px;\n    text-align: center;\n    text-decoration: none;\n    display: inline-block;\n    font-size: 1.5em;\n    cursor: pointer;\n    border-radius: 5px;\n}\n\n.arrow:hover {\n    background-color: #3e8e41;\n}",
          "js/script.js": "// Placeholder for JavaScript functionality\n\nconst slides = document.querySelectorAll('.slide');\nconst prevButton = document.getElementById('prev');\nconst nextButton = document.getElementById('next');\nlet currentSlide = 0;\n\nfunction showSlide(n) {\n    slides.forEach(slide => slide.style.display = 'none');\n    slides[n].style.display = 'block';\n}\n\nif (slides.length > 0) {\n    showSlide(currentSlide);\n}\n\nif (prevButton) {\n    prevButton.addEventListener('click', () => {\n        currentSlide = (currentSlide - 1 + slides.length) % slides.length;\n        showSlide(currentSlide);\n    });\n}\n\nif (nextButton) {\n    nextButton.addEventListener('click', () => {\n        currentSlide = (currentSlide + 1) % slides.length;\n        showSlide(currentSlide);\n    });\n}\n"
        },
        "cost": 0.0009265499999999999,
        "input_tokens": 3015.0,
        "output_tokens": 790.5,
        "total_tokens": 3805.5,
        "execution_result": {
          "status": "success",
          "session_id": "52744342",
          "operations": [
            "direct_files"
          ],
          "created_files": [
            "media\\generated\\52744342\\index.html",
            "media\\generated\\52744342\\style.css",
            "media\\generated\\52744342\\arrows.css",
            "media\\generated\\52744342\\script.js"
          ],
          "file_results": {
            "created_files": [
              "media\\generated\\52744342\\index.html",
              "media\\generated\\52744342\\style.css",
              "media\\generated\\52744342\\arrows.css",
              "media\\generated\\52744342\\script.js"
            ],
            "file_count": 4,
            "total_size": 5104,
            "status": "success",
            "errors": [],
            "execution_time": 0.006364700000631274
          },
          "code_results": {},
          "total_time": 0.008197500001188018,
          "error": null
        },
        "created_files": [
          "media\\generated\\52744342\\index.html",
          "media\\generated\\52744342\\style.css",
          "media\\generated\\52744342\\arrows.css",
          "media\\generated\\52744342\\script.js"
        ]
      },
      "T002": {
        "updated_section": "elastic_collision_animation"
      },
      "T003": {
        "updated_html": "index.html",
        "created_js": "inelastic_collision.js"
      }
    },
    "validation_results": {
      "is_valid": true,
      "is_dag": true,
      "cycles": [],
      "disconnected_components": [],
      "orphaned_nodes": [],
      "root_nodes": [],
      "leaf_nodes": [
        "T009"
      ],
      "warnings": [],
      "errors": []
    }
  },
  "nodes": [
    {
      "description": "Initial Query",
      "agent": "System",
      "status": "completed",
      "id": "ROOT"
    },
    {
      "id": "T001",
      "description": "Generate the basic HTML structure for the presentation, including title slide and summary slide. Use a light background, large fonts, and minimal clutter for school projector compatibility. Include placeholders for the animations and interactive elements to be added in subsequent steps. Include arrow buttons for navigating the slides.",
      "agent": "CoderAgent",
      "agent_prompt": "Create a basic HTML structure for a presentation on the law of conservation of momentum. The presentation should include a title slide, slides for demonstrating: 1. Elastic collision in 1D, 2. Inelastic collision in 1D, 3. 2D collision with different masses and angles, 4. Newton’s Cradle, 5. Bouncing balls with changing mass, 6. Carts on a frictionless track with spring bumpers, and a summary/conclusion slide. Use a light background, large fonts, and minimal clutter. Include placeholders for the animations and interactive elements to be added later. Add CSS for basic styling, including arrow buttons to navigate through the slides. Save the file as index.html, and create separate css files for different styling components.",
      "reads": [],
      "writes": [
        "T001"
      ],
      "status": "completed",
      "output": {
        "initial_thoughts": "Okay, I need to create the initial HTML structure and CSS files for a presentation. Since the task is to generate new files rather than modify existing ones, I will use the direct file creation approach. This includes generating the index.html file with placeholders for the animations, and separate CSS files for different styling components like the basic style, arrow buttons, etc. I will ensure proper file naming for CSS and use minimal, readable HTML.",
        "output": {},
        "call_self": false,
        "files": {
          "index.html": "<!DOCTYPE html>\n<html lang=\"en\">\n<head>\n    <meta charset=\"UTF-8\">\n    <meta name=\"viewport\" content=\"width=device-width, initial-scale=1.0\">\n    <title>Conservation of Momentum</title>\n    <link rel=\"stylesheet\" href=\"css/style.css\">\n    <link rel=\"stylesheet\" href=\"css/arrows.css\">\n</head>\n<body>\n    <div class=\"slides\">\n        <div class=\"slide\" id=\"title-slide\">\n            <h1>Law of Conservation of Momentum</h1>\n            <p>A presentation for middle school physics</p>\n        </div>\n\n        <div class=\"slide\" id=\"elastic-collision\">\n            <h2>Elastic Collision in 1D</h2>\n            <div class=\"animation-placeholder\">\n                <!-- Animation/Interactive element for Elastic Collision in 1D -->\n            </div>\n            <p>Demonstration of elastic collision where kinetic energy is conserved.</p>\n        </div>\n\n        <div class=\"slide\" id=\"inelastic-collision\">\n            <h2>Inelastic Collision in 1D</h2>\n            <div class=\"animation-placeholder\">\n                <!-- Animation/Interactive element for Inelastic Collision in 1D -->\n            </div>\n            <p>Demonstration of inelastic collision where kinetic energy is not conserved.</p>\n        </div>\n\n        <div class=\"slide\" id=\"collision-2d\">\n            <h2>2D Collision with Different Masses and Angles</h2>\n            <div class=\"animation-placeholder\">\n                <!-- Animation/Interactive element for 2D Collision -->\n            </div>\n            <p>Demonstration of collision in two dimensions with varying masses and angles.</p>\n        </div>\n\n        <div class=\"slide\" id=\"newtons-cradle\">\n            <h2>Newton’s Cradle</h2>\n            <div class=\"animation-placeholder\">\n                <!-- Animation/Interactive element for Newton’s Cradle -->\n            </div>\n            <p>Demonstration of momentum transfer in Newton’s Cradle.</p>\n        </div>\n\n        <div class=\"slide\" id=\"bouncing-balls\">\n            <h2>Bouncing Balls with Changing Mass</h2>\n            <div class=\"animation-placeholder\">\n                <!-- Animation/Interactive element for Bouncing Balls -->\n            </div>\n            <p>Demonstration of bouncing balls with changing mass and momentum transfer.</p>\n        </div>\n\n        <div class=\"slide\" id=\"carts-track\">\n            <h2>Carts on a Frictionless Track with Spring Bumpers</h2>\n            <div class=\"animation-placeholder\">\n                <!-- Animation/Interactive element for Carts on Track -->\n            </div>\n            <p>Demonstration of carts colliding with spring bumpers on a frictionless track.</p>\n        </div>\n\n        <div class=\"slide\" id=\"summary-slide\">\n            <h2>Summary/Conclusion</h2>\n            <p>The law of conservation of momentum states that the total momentum of a closed system remains constant if no external forces act on it.</p>\n        </div>\n    </div>\n\n    <div class=\"arrows\">\n        <button id=\"prev\" class=\"arrow\">&#8249;</button>\n        <button id=\"next\" class=\"arrow\">&#8250;</button>\n    </div>\n\n    <script src=\"js/script.js\"></script>\n</body>\n</html>",
          "css/style.css": "body {\n    font-family: Arial, sans-serif;\n    background-color: #f0f0f0;\n    margin: 0;\n    padding: 0;\n    display: flex;\n    flex-direction: column;\n    align-items: center;\n    justify-content: center;\n    min-height: 100vh;\n}\n\n.slides {\n    width: 80%;\n    margin: 20px auto;\n    padding: 20px;\n    background-color: #fff;\n    border-radius: 10px;\n    box-shadow: 0 0 10px rgba(0, 0, 0, 0.1);\n}\n\n.slide {\n    text-align: center;\n    padding: 20px;\n}\n\nh1 {\n    font-size: 2.5em;\n    color: #333;\n}\n\nh2 {\n    font-size: 2em;\n    color: #555;\n}\n\np {\n    font-size: 1.2em;\n    color: #777;\n}\n\n.animation-placeholder {\n    width: 100%;\n    height: 300px;\n    background-color: #eee;\n    margin: 20px 0;\n    border-radius: 5px;\n    display: flex;\n    align-items: center;\n    justify-content: center;\n    color: #999;\n    font-style: italic;\n}",
          "css/arrows.css": ".arrows {\n    display: flex;\n    justify-content: space-between;\n    width: 80%;\n    margin: 20px auto;\n}\n\n.arrow {\n    background-color: #4CAF50;\n    border: none;\n    color: white;\n    padding: 10px 20px;\n    text-align: center;\n    text-decoration: none;\n    display: inline-block;\n    font-size: 1.5em;\n    cursor: pointer;\n    border-radius: 5px;\n}\n\n.arrow:hover {\n    background-color: #3e8e41;\n}",
          "js/script.js": "// Placeholder for JavaScript functionality\n\nconst slides = document.querySelectorAll('.slide');\nconst prevButton = document.getElementById('prev');\nconst nextButton = document.getElementById('next');\nlet currentSlide = 0;\n\nfunction showSlide(n) {\n    slides.forEach(slide => slide.style.display = 'none');\n    slides[n].style.display = 'block';\n}\n\nif (slides.length > 0) {\n    showSlide(currentSlide);\n}\n\nif (prevButton) {\n    prevButton.addEventListener('click', () => {\n        currentSlide = (currentSlide - 1 + slides.length) % slides.length;\n        showSlide(currentSlide);\n    });\n}\n\nif (nextButton) {\n    nextButton.addEventListener('click', () => {\n        currentSlide = (currentSlide + 1) % slides.length;\n        showSlide(currentSlide);\n    });\n}\n"
        },
        "cost": 0.0009265499999999999,
        "input_tokens": 3015.0,
        "output_tokens": 790.5,
        "total_tokens": 3805.5,
        "execution_result": {
          "status": "success",
          "session_id": "52744342",
          "operations": [
            "direct_files"
          ],
          "created_files": [
            "media\\generated\\52744342\\index.html",
            "media\\generated\\52744342\\style.css",
            "media\\generated\\52744342\\arrows.css",
            "media\\generated\\52744342\\script.js"
          ],
          "file_results": {
            "created_files": [
              "media\\generated\\52744342\\index.html",
              "media\\generated\\52744342\\style.css",
              "media\\generated\\52744342\\arrows.css",
              "media\\generated\\52744342\\script.js"
            ],
            "file_count": 4,
            "total_size": 5104,
            "status": "success",
            "errors": [],
            "execution_time": 0.006364700000631274
          },
          "code_results": {},
          "total_time": 0.008197500001188018,
          "error": null
        },
        "created_files": [
          "media\\generated\\52744342\\index.html",
          "media\\generated\\52744342\\style.css",
          "media\\generated\\52744342\\arrows.css",
          "media\\generated\\52744342\\script.js"
        ]
      },
      "error": null,
      "cost": 0.0,
      "start_time": "2025-07-17T09:25:42.275616",
      "end_time": "2025-07-17T09:25:54.632712",
      "execution_time": 12.357096,
      "execution_result": {
        "status": "success",
        "session_id": "52744342",
        "operations": [
          "direct_files"
        ],
        "created_files": [
          "media\\generated\\52744342\\index.html",
          "media\\generated\\52744342\\style.css",
          "media\\generated\\52744342\\arrows.css",
          "media\\generated\\52744342\\script.js"
        ],
        "file_results": {
          "created_files": [
            "media\\generated\\52744342\\index.html",
            "media\\generated\\52744342\\style.css",
            "media\\generated\\52744342\\arrows.css",
            "media\\generated\\52744342\\script.js"
          ],
          "file_count": 4,
          "total_size": 5104,
          "status": "success",
          "errors": [],
          "execution_time": 0.006364700000631274
        },
        "code_results": {},
        "total_time": 0.008197500001188018,
        "error": null
      },
      "input_tokens": 0,
      "output_tokens": 0
    },
    {
      "id": "T002",
      "description": "Create JavaScript code for an elastic collision animation in 1D. Implement the animation using canvas or SVG. Ensure the animation is self-explanatory and scientifically accurate. Allow mass and velocity to be modified via javascript sliders for interactivity.",
      "agent": "CoderAgent",
      "agent_prompt": "Create JavaScript code for an elastic collision animation in 1D. Use canvas or SVG for the animation. Make sure the animation is clear and scientifically accurate, showing how momentum is conserved. Include sliders to modify mass and velocity for both balls. Integrate this animation into the index.html file within the placeholder provided in T001. Make sure the styling is consistent with the css files already present. Save the javascript as elastic_collision.js.",
      "reads": [
        "T001"
      ],
      "writes": [
        "T002"
      ],
      "status": "completed",
      "output": {
        "updated_section": "elastic_collision_animation"
      },
      "error": null,
      "cost": 0.0,
      "start_time": "2025-07-17T09:25:54.657710",
      "end_time": "2025-07-17T09:26:27.615988",
      "execution_time": 32.958278,
      "input_tokens": 0,
      "output_tokens": 0,
      "execution_result": null
    },
    {
      "id": "T003",
      "description": "Create JavaScript code for an inelastic collision animation in 1D, where two objects stick together after the collision. Implement using canvas or SVG. Ensure scientific accuracy and clarity. Use JavaScript sliders for interactivity.",
      "agent": "CoderAgent",
      "agent_prompt": "Create JavaScript code for an inelastic collision animation in 1D, where two objects stick together after the collision. Use canvas or SVG. Show the combined object's motion after the collision. Ensure it's scientifically accurate. Include sliders to modify mass and velocity. Integrate this animation into the index.html file within the placeholder provided in T001. Make sure the styling is consistent with the css files already present. Save the javascript as inelastic_collision.js.",
      "reads": [
        "T001"
      ],
      "writes": [
        "T003"
      ],
      "status": "completed",
      "output": {
        "updated_html": "index.html",
        "created_js": "inelastic_collision.js"
      },
      "error": null,
      "cost": 0.0,
      "start_time": "2025-07-17T09:25:54.661767",
      "end_time": "2025-07-17T09:26:27.622991",
      "execution_time": 32.961224,
      "input_tokens": 0,
      "output_tokens": 0,
      "execution_result": null
    },
    {
      "id": "T004",
      "description": "Create JavaScript code for a 2D collision animation with different masses and angles. Implement using canvas or SVG. Show momentum conservation in both x and y directions. Use JavaScript sliders for interactivity.",
      "agent": "CoderAgent",
      "agent_prompt": "Create JavaScript code for a 2D collision animation with different masses and angles. Use canvas or SVG. Display momentum conservation in both x and y directions. Allow the user to change angles and velocities. Integrate this animation into the index.html file within the placeholder provided in T001. Make sure the styling is consistent with the css files already present. Save the javascript as collision_2d.js.",
      "reads": [
        "T001"
      ],
      "writes": [
        "T004"
      ],
      "status": "failed",
      "output": null,
      "error": "Code execution failed: Code execution failed: All code variants failed. Errors: 0\\: SyntaxError: unexpected EOF while parsing (<unknown>, line 1); 10\\: SyntaxError: unexpected EOF while parsing (<unknown>, line 1); 180\\: SyntaxError: invalid syntax (<unknown>, line 1); 1\\: SyntaxError: unexpected EOF while parsing (<unknown>, line 1); 360\\: SyntaxError: unexpected EOF while parsing (<unknown>, line 1); 5\\: SyntaxError: unterminated triple-quoted string literal (detected at line 45) (<unknown>, line 32); CODE_1: SyntaxError: unterminated triple-quoted string literal (detected at line 194) (<unknown>, line 7); ball1Angle\\: SyntaxError: invalid syntax (<unknown>, line 1); ball1Velocity\\: SyntaxError: invalid syntax (<unknown>, line 1); ball2Angle\\: SyntaxError: invalid syntax (<unknown>, line 1); ball2Velocity\\: SyntaxError: invalid syntax (<unknown>, line 1); range\\: SyntaxError: unexpected EOF while parsing (<unknown>, line 1)",
      "cost": 0.0,
      "start_time": "2025-07-17T09:25:54.665708",
      "end_time": "2025-07-17T09:26:27.628990",
      "execution_time": 32.963282
    },
    {
      "id": "T005",
      "description": "Create JavaScript code for a Newton’s Cradle animation. Implement using canvas or SVG. Ensure smooth animation on average school computers.",
      "agent": "CoderAgent",
      "agent_prompt": "Create JavaScript code for a Newton’s Cradle animation. Use canvas or SVG. Ensure the animation runs smoothly. Avoid using computationally intensive techniques. Integrate this animation into the index.html file within the placeholder provided in T001. Make sure the styling is consistent with the css files already present. Save the javascript as newtons_cradle.js.",
      "reads": [
        "T001"
      ],
      "writes": [
        "T005"
      ],
      "status": "failed",
      "output": null,
      "error": "Code execution failed: Code execution failed: All code variants failed. Errors: CODE_1: FileNotFoundError: [Errno 2] No such file or directory: 'media\\\\generated\\\\52744342\\\\js\\\\newtons_cradle.js'",
      "cost": 0.0,
      "start_time": "2025-07-17T09:25:54.670700",
      "end_time": "2025-07-17T09:26:27.650992",
      "execution_time": 32.980292
    },
    {
      "id": "T006",
      "description": "Create JavaScript code for a bouncing balls animation with changing mass. Implement using canvas or SVG. Show the effect of changing mass on the momentum of the balls. Use JavaScript sliders for interactivity.",
      "agent": "CoderAgent",
      "agent_prompt": "Create JavaScript code for a bouncing balls animation with changing mass. Use canvas or SVG to implement this. Show how changing the mass affects the momentum. Include sliders to change mass. Integrate this animation into the index.html file within the placeholder provided in T001. Make sure the styling is consistent with the css files already present. Save the javascript as bouncing_balls.js.",
      "reads": [
        "T001"
      ],
      "writes": [
        "T006"
      ],
      "status": "running",
      "output": null,
      "error": null,
      "cost": 0.0,
      "start_time": "2025-07-17T09:26:32.674671",
      "end_time": null,
      "execution_time": 0.0
    },
    {
      "id": "T007",
      "description": "Create JavaScript code for a carts on a frictionless track with spring bumpers animation. Implement using canvas or SVG. Show how the spring bumpers affect momentum conservation. Use JavaScript sliders for interactivity.",
      "agent": "CoderAgent",
      "agent_prompt": "Create JavaScript code for a carts on a frictionless track with spring bumpers animation. Use canvas or SVG to implement this. Show how the spring bumpers affect momentum conservation when carts collide. Include sliders to adjust the mass and velocity of the carts. Integrate this animation into the index.html file within the placeholder provided in T001. Make sure the styling is consistent with the css files already present. Save the javascript as carts_track.js.",
      "reads": [
        "T001"
      ],
      "writes": [
        "T007"
      ],
      "status": "running",
      "output": null,
      "error": null,
      "cost": 0.0,
      "start_time": "2025-07-17T09:26:32.678669",
      "end_time": null,
      "execution_time": 0.0
    },
    {
      "id": "T008",
      "description": "Consolidate all created JavaScript and CSS files, ensure all animations are linked correctly within the index.html, and that navigation works seamlessly.",
      "agent": "CoderAgent",
      "agent_prompt": "Consolidate all JavaScript files (elastic_collision.js, inelastic_collision.js, collision_2d.js, newtons_cradle.js, bouncing_balls.js, carts_track.js) and CSS files. Make sure all animations are linked correctly within index.html and the navigation works seamlessly between different animations. Ensure that all the assets are stored correctly and all javascript calls are referring to the correct location.",
      "reads": [
        "T002",
        "T003",
        "T004",
        "T005",
        "T006",
        "T007"
      ],
      "writes": [
        "T008"
      ],
      "status": "pending",
      "output": null,
      "error": null,
      "cost": 0.0,
      "start_time": null,
      "end_time": null,
      "execution_time": 0.0
    },
    {
      "id": "T009",
      "description": "Create a comprehensive and short summary of the project.",
      "agent": "DistillerAgent",
      "agent_prompt": "Create a comprehensive yet short summary of the complete project.",
      "reads": [
        "T008"
      ],
      "writes": [
        "T009"
      ],
      "status": "pending",
      "output": null,
      "error": null,
      "cost": 0.0,
      "start_time": null,
      "end_time": null,
      "execution_time": 0.0
    }
  ],
  "links": [
    {
      "source": "ROOT",
      "target": "T001"
    },
    {
      "source": "T001",
      "target": "T002"
    },
    {
      "source": "T001",
      "target": "T003"
    },
    {
      "source": "T001",
      "target": "T004"
    },
    {
      "source": "T001",
      "target": "T005"
    },
    {
      "source": "T001",
      "target": "T006"
    },
    {
      "source": "T001",
      "target": "T007"
    },
    {
      "source": "T002",
      "target": "T008"
    },
    {
      "source": "T003",
      "target": "T008"
    },
    {
      "source": "T004",
      "target": "T008"
    },
    {
      "source": "T005",
      "target": "T008"
    },
    {
      "source": "T006",
      "target": "T008"
    },
    {
      "source": "T007",
      "target": "T008"
    },
    {
      "source": "T008",
      "target": "T009"
    }
  ]
}