{
  "directed": true,
  "multigraph": false,
  "graph": {
    "session_id": "52743619",
    "original_query": "I am a middle school physics teacher preparing to teach the **law of conservation of momentum**, and I need you to autonomously generate a complete, classroom-ready visual presentation. Your task is to create a series of **clear, self-explanatory, and scientifically accurate animations** that demonstrate key momentum concepts, including:1. Elastic collision in 1D (e.g., two balls bouncing off each other)2. Inelastic collision in 1D (e.g., two objects sticking together)3. 2D collision with different masses and angles4. Newton’s Cradle5. Bouncing balls with changing mass6. Carts on a frictionless track with spring bumpersYou must organize these into a **visually appealing, full-screen HTML presentation** (single file or folder), with **linked assets**, embedded animations (canvas-based, SVG, or CSS/JS as needed), and simple labels or captions for each slide. The layout should be modern, fullscreen by default, easy to navigate (e.g., arrows or buttons), and designed with school projectors in mind (light background, large fonts, minimal clutter).Ensure everything works offline — **link all JS/CSS/image files properly**. Animations should run smoothly on average school computers. Avoid external CDN dependencies. Include a title slide and a summary/conclusion slide reinforcing the conservation principle. Make it **interactive where helpful** (e.g., sliders to vary mass or velocity). Use only browser-native technologies: HTML, CSS, JavaScript.Your output should be a clean, and ready to copy to a USB drive and run locally. No placeholders. No missing links. Everything must just work. Build with pride: this is going to be used to inspire 12-year-olds.",
    "file_manifest": [],
    "created_at": "2025-07-17T09:13:39.037301",
    "status": "running",
    "output_chain": {
      "T001": {
        "initial_thoughts": "I need to create a basic HTML structure for a presentation on the law of conservation of momentum. This includes a title slide and a conclusion slide. I need to make sure the presentation is easily readable on school projectors by using a light background and large fonts. I also need to include placeholders for CSS and JavaScript files and for animations and content to be added later. Since this is a new file creation, I'll use the direct file creation approach.",
        "output": {},
        "call_self": false,
        "files": {
          "index.html": "<!DOCTYPE html>\n<html lang=\"en\">\n<head>\n    <meta charset=\"UTF-8\">\n    <meta name=\"viewport\" content=\"width=device-width, initial-scale=1.0\">\n    <title>Law of Conservation of Momentum</title>\n    <link rel=\"stylesheet\" href=\"style.css\">\n</head>\n<body style=\"background-color:#f0f0f0; font-family: sans-serif;\">\n\n    <div class=\"container\">\n        <!-- Title Slide -->\n        <section id=\"title-slide\" style=\"text-align: center; padding: 50px;\">\n            <h1 style=\"font-size: 3em; color: #333;\">Law of Conservation of Momentum</h1>\n            <p style=\"font-size: 1.5em; color: #666;\">An Introduction</p>\n        </section>\n\n        <!-- Content Slides (Placeholder) -->\n        <section id=\"slide1\">\n            <h2>Slide 1 Title</h2>\n            <p>Content for slide 1. Add animations here.</p>\n            <!-- ANIMATION_PLACEHOLDER_1 -->\n        </section>\n\n        <section id=\"slide2\">\n            <h2>Slide 2 Title</h2>\n            <p>Content for slide 2. Add animations here.</p>\n            <!-- ANIMATION_PLACEHOLDER_2 -->\n        </section>\n\n        <!-- Conclusion Slide -->\n        <section id=\"conclusion\" style=\"text-align: center; padding: 50px;\">\n            <h2 style=\"font-size: 2em; color: #333;\">Conclusion</h2>\n            <p style=\"font-size: 1.5em; color: #666;\">The law of conservation of momentum states that the total momentum of a closed system remains constant if no external forces act on it.</p>\n            <p style=\"font-size: 1.2em; color: #666;\">Key concepts: Elastic collisions, inelastic collisions, momentum transfer.</p>\n        </section>\n\n    </div>\n\n    <script src=\"script.js\"></script>\n</body>\n</html>"
        },
        "cost": 0.000659475,
        "input_tokens": 2962.5,
        "output_tokens": 358.5,
        "total_tokens": 3321.0,
        "execution_result": {
          "status": "success",
          "session_id": "52743619",
          "operations": [
            "direct_files"
          ],
          "created_files": [
            "media\\generated\\52743619\\index.html"
          ],
          "file_results": {
            "created_files": [
              "media\\generated\\52743619\\index.html"
            ],
            "file_count": 1,
            "total_size": 1652,
            "status": "success",
            "errors": [],
            "execution_time": 0.00205900000037218
          },
          "code_results": {},
          "total_time": 0.0038991000001260545,
          "error": null
        },
        "created_files": [
          "media\\generated\\52743619\\index.html"
        ]
      },
      "T002": {
        "initial_thoughts": "I need to create a CSS file (style.css) that styles the presentation, using a modern, fullscreen layout with a light background, large fonts, and clear navigation. I'll also ensure the index.html file is correctly linked to it. Additionally, I will add placeholders in the CSS file for future updates.",
        "output": {},
        "call_self": false,
        "files": {
          "style.css": "body {\n    font-family: Arial, sans-serif;\n    margin: 0;\n    background-color: #f0f0f0;\n    display: flex;\n    justify-content: center;\n    align-items: center;\n    min-height: 100vh;\n}\n\n.presentation {\n    width: 100%;\n    height: 100vh;\n    display: flex;\n    flex-direction: column;\n    align-items: center;\n    justify-content: center;\n}\n\n.slide {\n    text-align: center;\n    padding: 20px;\n}\n\nh1 {\n    font-size: 3em;\n    color: #333;\n}\n\np {\n    font-size: 1.5em;\n    color: #555;\n}\n\n.navigation {\n    position: absolute;\n    bottom: 20px;\n    width: 100%;\n    text-align: center;\n}\n\n.nav-button {\n    padding: 10px 20px;\n    font-size: 1.2em;\n    background-color: #007bff;\n    color: white;\n    border: none;\n    cursor: pointer;\n    margin: 0 10px;\n    border-radius: 5px;\n}\n\n/* Placeholder for future updates */\n/* --ADD_SLIDE_STYLES_HERE-- */\n\n/* Placeholder for future updates */\n/* --ADD_NAVIGATION_STYLES_HERE-- */\n\n/* Placeholder for future updates */\n/* --ADD_FONT_STYLES_HERE-- */"
        },
        "cost": 0.000583425,
        "input_tokens": 2953.5,
        "output_tokens": 234.0,
        "total_tokens": 3187.5,
        "execution_result": {
          "status": "success",
          "session_id": "52743619",
          "operations": [
            "direct_files"
          ],
          "created_files": [
            "media\\generated\\52743619\\style.css"
          ],
          "file_results": {
            "created_files": [
              "media\\generated\\52743619\\style.css"
            ],
            "file_count": 1,
            "total_size": 997,
            "status": "success",
            "errors": [],
            "execution_time": 0.0020064000000274973
          },
          "code_results": {},
          "total_time": 0.003873800000292249,
          "error": null
        },
        "created_files": [
          "media\\generated\\52743619\\style.css"
        ]
      }
    },
    "validation_results": {
      "is_valid": true,
      "is_dag": true,
      "cycles": [],
      "disconnected_components": [],
      "orphaned_nodes": [],
      "root_nodes": [],
      "leaf_nodes": [
        "T011"
      ],
      "warnings": [],
      "errors": []
    }
  },
  "nodes": [
    {
      "description": "Initial Query",
      "agent": "System",
      "status": "completed",
      "id": "ROOT"
    },
    {
      "id": "T001",
      "description": "Generate the basic HTML structure for the presentation, including title slide and conclusion slide. Add placeholders to update the content later.",
      "agent": "CoderAgent",
      "agent_prompt": "Create a basic HTML structure for a presentation on the law of conservation of momentum. Include a title slide with the title 'Law of Conservation of Momentum' and a conclusion slide summarizing the key concepts. Use a light background and large fonts for readability on school projectors. The HTML should include placeholders for adding animations and content in subsequent steps. The file name should be index.html. Also, add placeholders for CSS and JavaScript files to be linked later.",
      "reads": [],
      "writes": [
        "T001"
      ],
      "status": "completed",
      "output": {
        "initial_thoughts": "I need to create a basic HTML structure for a presentation on the law of conservation of momentum. This includes a title slide and a conclusion slide. I need to make sure the presentation is easily readable on school projectors by using a light background and large fonts. I also need to include placeholders for CSS and JavaScript files and for animations and content to be added later. Since this is a new file creation, I'll use the direct file creation approach.",
        "output": {},
        "call_self": false,
        "files": {
          "index.html": "<!DOCTYPE html>\n<html lang=\"en\">\n<head>\n    <meta charset=\"UTF-8\">\n    <meta name=\"viewport\" content=\"width=device-width, initial-scale=1.0\">\n    <title>Law of Conservation of Momentum</title>\n    <link rel=\"stylesheet\" href=\"style.css\">\n</head>\n<body style=\"background-color:#f0f0f0; font-family: sans-serif;\">\n\n    <div class=\"container\">\n        <!-- Title Slide -->\n        <section id=\"title-slide\" style=\"text-align: center; padding: 50px;\">\n            <h1 style=\"font-size: 3em; color: #333;\">Law of Conservation of Momentum</h1>\n            <p style=\"font-size: 1.5em; color: #666;\">An Introduction</p>\n        </section>\n\n        <!-- Content Slides (Placeholder) -->\n        <section id=\"slide1\">\n            <h2>Slide 1 Title</h2>\n            <p>Content for slide 1. Add animations here.</p>\n            <!-- ANIMATION_PLACEHOLDER_1 -->\n        </section>\n\n        <section id=\"slide2\">\n            <h2>Slide 2 Title</h2>\n            <p>Content for slide 2. Add animations here.</p>\n            <!-- ANIMATION_PLACEHOLDER_2 -->\n        </section>\n\n        <!-- Conclusion Slide -->\n        <section id=\"conclusion\" style=\"text-align: center; padding: 50px;\">\n            <h2 style=\"font-size: 2em; color: #333;\">Conclusion</h2>\n            <p style=\"font-size: 1.5em; color: #666;\">The law of conservation of momentum states that the total momentum of a closed system remains constant if no external forces act on it.</p>\n            <p style=\"font-size: 1.2em; color: #666;\">Key concepts: Elastic collisions, inelastic collisions, momentum transfer.</p>\n        </section>\n\n    </div>\n\n    <script src=\"script.js\"></script>\n</body>\n</html>"
        },
        "cost": 0.000659475,
        "input_tokens": 2962.5,
        "output_tokens": 358.5,
        "total_tokens": 3321.0,
        "execution_result": {
          "status": "success",
          "session_id": "52743619",
          "operations": [
            "direct_files"
          ],
          "created_files": [
            "media\\generated\\52743619\\index.html"
          ],
          "file_results": {
            "created_files": [
              "media\\generated\\52743619\\index.html"
            ],
            "file_count": 1,
            "total_size": 1652,
            "status": "success",
            "errors": [],
            "execution_time": 0.00205900000037218
          },
          "code_results": {},
          "total_time": 0.0038991000001260545,
          "error": null
        },
        "created_files": [
          "media\\generated\\52743619\\index.html"
        ]
      },
      "error": null,
      "cost": 0.0,
      "start_time": "2025-07-17T09:13:39.063303",
      "end_time": "2025-07-17T09:13:45.914645",
      "execution_time": 6.851342,
      "execution_result": {
        "status": "success",
        "session_id": "52743619",
        "operations": [
          "direct_files"
        ],
        "created_files": [
          "media\\generated\\52743619\\index.html"
        ],
        "file_results": {
          "created_files": [
            "media\\generated\\52743619\\index.html"
          ],
          "file_count": 1,
          "total_size": 1652,
          "status": "success",
          "errors": [],
          "execution_time": 0.00205900000037218
        },
        "code_results": {},
        "total_time": 0.0038991000001260545,
        "error": null
      },
      "input_tokens": 0,
      "output_tokens": 0
    },
    {
      "id": "T002",
      "description": "Generate CSS for the presentation, focusing on a modern, fullscreen layout with easy navigation. Link this file with index.html",
      "agent": "CoderAgent",
      "agent_prompt": "Create a CSS file to style the presentation. Use a modern, fullscreen layout with a light background and large fonts. Ensure the presentation is easy to navigate with clearly visible arrows or buttons. Avoid excessive animations or visual clutter. The CSS file should be named style.css, and make sure the index.html file is correctly linked to it. Also add placeholders in css file for styles to be updated in the future steps.",
      "reads": [],
      "writes": [
        "T002"
      ],
      "status": "completed",
      "output": {
        "initial_thoughts": "I need to create a CSS file (style.css) that styles the presentation, using a modern, fullscreen layout with a light background, large fonts, and clear navigation. I'll also ensure the index.html file is correctly linked to it. Additionally, I will add placeholders in the CSS file for future updates.",
        "output": {},
        "call_self": false,
        "files": {
          "style.css": "body {\n    font-family: Arial, sans-serif;\n    margin: 0;\n    background-color: #f0f0f0;\n    display: flex;\n    justify-content: center;\n    align-items: center;\n    min-height: 100vh;\n}\n\n.presentation {\n    width: 100%;\n    height: 100vh;\n    display: flex;\n    flex-direction: column;\n    align-items: center;\n    justify-content: center;\n}\n\n.slide {\n    text-align: center;\n    padding: 20px;\n}\n\nh1 {\n    font-size: 3em;\n    color: #333;\n}\n\np {\n    font-size: 1.5em;\n    color: #555;\n}\n\n.navigation {\n    position: absolute;\n    bottom: 20px;\n    width: 100%;\n    text-align: center;\n}\n\n.nav-button {\n    padding: 10px 20px;\n    font-size: 1.2em;\n    background-color: #007bff;\n    color: white;\n    border: none;\n    cursor: pointer;\n    margin: 0 10px;\n    border-radius: 5px;\n}\n\n/* Placeholder for future updates */\n/* --ADD_SLIDE_STYLES_HERE-- */\n\n/* Placeholder for future updates */\n/* --ADD_NAVIGATION_STYLES_HERE-- */\n\n/* Placeholder for future updates */\n/* --ADD_FONT_STYLES_HERE-- */"
        },
        "cost": 0.000583425,
        "input_tokens": 2953.5,
        "output_tokens": 234.0,
        "total_tokens": 3187.5,
        "execution_result": {
          "status": "success",
          "session_id": "52743619",
          "operations": [
            "direct_files"
          ],
          "created_files": [
            "media\\generated\\52743619\\style.css"
          ],
          "file_results": {
            "created_files": [
              "media\\generated\\52743619\\style.css"
            ],
            "file_count": 1,
            "total_size": 997,
            "status": "success",
            "errors": [],
            "execution_time": 0.0020064000000274973
          },
          "code_results": {},
          "total_time": 0.003873800000292249,
          "error": null
        },
        "created_files": [
          "media\\generated\\52743619\\style.css"
        ]
      },
      "error": null,
      "cost": 0.0,
      "start_time": "2025-07-17T09:13:39.070304",
      "end_time": "2025-07-17T09:13:45.928542",
      "execution_time": 6.858238,
      "execution_result": {
        "status": "success",
        "session_id": "52743619",
        "operations": [
          "direct_files"
        ],
        "created_files": [
          "media\\generated\\52743619\\style.css"
        ],
        "file_results": {
          "created_files": [
            "media\\generated\\52743619\\style.css"
          ],
          "file_count": 1,
          "total_size": 997,
          "status": "success",
          "errors": [],
          "execution_time": 0.0020064000000274973
        },
        "code_results": {},
        "total_time": 0.003873800000292249,
        "error": null
      },
      "input_tokens": 0,
      "output_tokens": 0
    },
    {
      "id": "T003",
      "description": "Generate JavaScript file for navigation buttons. Link this file with index.html",
      "agent": "CoderAgent",
      "agent_prompt": "Create a JavaScript file for the presentation. It should have clearly visible arrow buttons to traverse between the slides. Make sure the index.html file is correctly linked to it. The JavaScript file should be named script.js and make sure the index.html file is correctly linked to it. Also add placeholders in js file for functions to be updated in the future steps.",
      "reads": [],
      "writes": [
        "T003"
      ],
      "status": "failed",
      "output": null,
      "error": "Code execution failed: Code execution failed: All code variants failed. Errors: CODE_1: FileNotFoundError: File 'index.html' not found in session 52743619",
      "cost": 0.0,
      "start_time": "2025-07-17T09:13:39.073300",
      "end_time": "2025-07-17T09:13:45.935634",
      "execution_time": 6.862334
    },
    {
      "id": "T004",
      "description": "Generate JavaScript/HTML code for an animation of elastic collision in 1D (two balls bouncing off each other). Add placeholders in index.html file to render the animation.",
      "agent": "CoderAgent",
      "agent_prompt": "Create an animation of an elastic collision in 1D, where two balls bounce off each other. Use HTML and JavaScript (canvas-based, SVG, or CSS/JS) to create the animation. The animation should clearly show the conservation of momentum. The file name should be index.html and script.js. Add the animation to the index.html in the already existing placeholder.",
      "reads": [
        "T001",
        "T003"
      ],
      "writes": [
        "T004"
      ],
      "status": "running",
      "output": null,
      "error": null,
      "cost": 0.0,
      "start_time": "2025-07-17T09:13:53.368092",
      "end_time": null,
      "execution_time": 0.0
    },
    {
      "id": "T005",
      "description": "Generate JavaScript/HTML code for an animation of inelastic collision in 1D (two objects sticking together). Add placeholders in index.html file to render the animation.",
      "agent": "CoderAgent",
      "agent_prompt": "Create an animation of an inelastic collision in 1D, where two objects stick together after the collision. Use HTML and JavaScript (canvas-based, SVG, or CSS/JS) to create the animation. The animation should clearly show the conservation of momentum. The file name should be index.html and script.js. Add the animation to the index.html in the already existing placeholder.",
      "reads": [
        "T001",
        "T003"
      ],
      "writes": [
        "T005"
      ],
      "status": "running",
      "output": null,
      "error": null,
      "cost": 0.0,
      "start_time": "2025-07-17T09:13:53.372094",
      "end_time": null,
      "execution_time": 0.0
    },
    {
      "id": "T006",
      "description": "Generate JavaScript/HTML code for an animation of 2D collision with different masses and angles. Add placeholders in index.html file to render the animation.",
      "agent": "CoderAgent",
      "agent_prompt": "Create an animation of a 2D collision with different masses and angles. Use HTML and JavaScript (canvas-based, SVG, or CSS/JS) to create the animation. The animation should clearly show the conservation of momentum. The file name should be index.html and script.js. Add the animation to the index.html in the already existing placeholder.",
      "reads": [
        "T001",
        "T003"
      ],
      "writes": [
        "T006"
      ],
      "status": "running",
      "output": null,
      "error": null,
      "cost": 0.0,
      "start_time": "2025-07-17T09:13:53.377090",
      "end_time": null,
      "execution_time": 0.0
    },
    {
      "id": "T007",
      "description": "Generate JavaScript/HTML code for an animation of Newton’s Cradle. Add placeholders in index.html file to render the animation.",
      "agent": "CoderAgent",
      "agent_prompt": "Create an animation of Newton’s Cradle. Use HTML and JavaScript (canvas-based, SVG, or CSS/JS) to create the animation. The animation should clearly show the conservation of momentum. The file name should be index.html and script.js. Add the animation to the index.html in the already existing placeholder.",
      "reads": [
        "T001",
        "T003"
      ],
      "writes": [
        "T007"
      ],
      "status": "running",
      "output": null,
      "error": null,
      "cost": 0.0,
      "start_time": "2025-07-17T09:13:53.382089",
      "end_time": null,
      "execution_time": 0.0
    },
    {
      "id": "T008",
      "description": "Generate JavaScript/HTML code for an animation of bouncing balls with changing mass. Add placeholders in index.html file to render the animation.",
      "agent": "CoderAgent",
      "agent_prompt": "Create an animation of bouncing balls with changing mass. Use HTML and JavaScript (canvas-based, SVG, or CSS/JS) to create the animation. The animation should clearly show the conservation of momentum. The file name should be index.html and script.js. Add the animation to the index.html in the already existing placeholder.",
      "reads": [
        "T001",
        "T003"
      ],
      "writes": [
        "T008"
      ],
      "status": "pending",
      "output": null,
      "error": null,
      "cost": 0.0,
      "start_time": null,
      "end_time": null,
      "execution_time": 0.0
    },
    {
      "id": "T009",
      "description": "Generate JavaScript/HTML code for an animation of carts on a frictionless track with spring bumpers. Add placeholders in index.html file to render the animation.",
      "agent": "CoderAgent",
      "agent_prompt": "Create an animation of carts on a frictionless track with spring bumpers. Use HTML and JavaScript (canvas-based, SVG, or CSS/JS) to create the animation. The animation should clearly show the conservation of momentum. The file name should be index.html and script.js. Add the animation to the index.html in the already existing placeholder.",
      "reads": [
        "T001",
        "T003"
      ],
      "writes": [
        "T009"
      ],
      "status": "pending",
      "output": null,
      "error": null,
      "cost": 0.0,
      "start_time": null,
      "end_time": null,
      "execution_time": 0.0
    },
    {
      "id": "T010",
      "description": "Add interactivity (sliders to vary mass or velocity) to the animations.",
      "agent": "CoderAgent",
      "agent_prompt": "Add interactivity to the animations, such as sliders to vary mass or velocity. Use HTML and JavaScript to implement the interactivity. Remember all the previous code and don't overwrite anything. The file name should be index.html and script.js.",
      "reads": [
        "T001",
        "T002",
        "T003",
        "T004",
        "T005",
        "T006",
        "T007",
        "T008",
        "T009"
      ],
      "writes": [
        "T010"
      ],
      "status": "pending",
      "output": null,
      "error": null,
      "cost": 0.0,
      "start_time": null,
      "end_time": null,
      "execution_time": 0.0
    },
    {
      "id": "T011",
      "description": "Review and test the presentation to ensure it meets the requirements. Call DistillerAgent to summarize the project.",
      "agent": "DistillerAgent",
      "agent_prompt": "Review the generated HTML presentation to ensure it meets all requirements, including the animations, interactivity, and formatting. Ensure everything works offline and all links are correct. Summarize the working presentation. The files to check are index.html, style.css, script.js.",
      "reads": [
        "T001",
        "T002",
        "T003",
        "T004",
        "T005",
        "T006",
        "T007",
        "T008",
        "T009",
        "T010"
      ],
      "writes": [
        "T011"
      ],
      "status": "pending",
      "output": null,
      "error": null,
      "cost": 0.0,
      "start_time": null,
      "end_time": null,
      "execution_time": 0.0
    }
  ],
  "links": [
    {
      "source": "ROOT",
      "target": "T001"
    },
    {
      "source": "ROOT",
      "target": "T002"
    },
    {
      "source": "ROOT",
      "target": "T003"
    },
    {
      "source": "T001",
      "target": "T004"
    },
    {
      "source": "T001",
      "target": "T005"
    },
    {
      "source": "T001",
      "target": "T006"
    },
    {
      "source": "T001",
      "target": "T007"
    },
    {
      "source": "T001",
      "target": "T008"
    },
    {
      "source": "T001",
      "target": "T009"
    },
    {
      "source": "T002",
      "target": "T010"
    },
    {
      "source": "T003",
      "target": "T010"
    },
    {
      "source": "T004",
      "target": "T010"
    },
    {
      "source": "T005",
      "target": "T010"
    },
    {
      "source": "T006",
      "target": "T010"
    },
    {
      "source": "T007",
      "target": "T010"
    },
    {
      "source": "T008",
      "target": "T010"
    },
    {
      "source": "T009",
      "target": "T010"
    },
    {
      "source": "T010",
      "target": "T011"
    }
  ]
}